id,item,geo,inception,country,countryLabel,long,lat
0,http://www.wikidata.org/entity/Q813440,Point(-60.931389 14.070556),2002-01-01T00:00:00Z,http://www.wikidata.org/entity/Q760,,-60.931389,14.070556
1,http://www.wikidata.org/entity/Q713442,Point(120.295 22.702778),2009-01-01T00:00:00Z,http://www.wikidata.org/entity/Q865,,120.295,22.702778
2,http://www.wikidata.org/entity/Q849239,Point(-8.4308 41.5624),2003-12-30T00:00:00Z,http://www.wikidata.org/entity/Q45,,-8.4308,41.5624
3,http://www.wikidata.org/entity/Q813440,Point(-60.9317 14.0705),2002-01-01T00:00:00Z,http://www.wikidata.org/entity/Q760,,-60.9317,14.0705
4,http://www.wikidata.org/entity/Q770707,Point(69.395 41.361111),2012-05-11T00:00:00Z,http://www.wikidata.org/entity/Q265,,69.395,41.361111
5,http://www.wikidata.org/entity/Q701610,Point(121.447718 25.041158),1997-01-01T00:00:00Z,http://www.wikidata.org/entity/Q865,,121.447718,25.041158
6,http://www.wikidata.org/entity/Q709849,Point(120.685242 24.200079),2006-01-01T00:00:00Z,http://www.wikidata.org/entity/Q865,,120.685242,24.200079
7,http://www.wikidata.org/entity/Q756205,Point(-84.2484 33.885353),2006-06-03T00:00:00Z,http://www.wikidata.org/entity/Q30,,-84.2484,33.885353
8,http://www.wikidata.org/entity/Q784379,Point(48.088333333 29.340833333),2004-12-28T00:00:00Z,http://www.wikidata.org/entity/Q817,,48.088333333,29.340833333
10,http://www.wikidata.org/entity/Q627087,Point(12.934334 57.73457),2005-04-17T00:00:00Z,http://www.wikidata.org/entity/Q34,,12.934334,57.73457
11,http://www.wikidata.org/entity/Q641841,Point(34.752839 31.974994),1995-01-01T00:00:00Z,http://www.wikidata.org/entity/Q801,,34.752839,31.974994
12,http://www.wikidata.org/entity/Q589422,Point(-70.930052 -17.185731),2009-05-31T00:00:00Z,http://www.wikidata.org/entity/Q419,,-70.930052,-17.185731
13,http://www.wikidata.org/entity/Q593076,Point(17.854382 43.378384),1995-01-01T00:00:00Z,http://www.wikidata.org/entity/Q225,,17.854382,43.378384
14,http://www.wikidata.org/entity/Q612736,Point(-122.331666666 47.595277777),2002-01-01T00:00:00Z,http://www.wikidata.org/entity/Q30,,-122.331666666,47.595277777
15,http://www.wikidata.org/entity/Q648214,Point(47.918611111 29.271427777),2006-01-01T00:00:00Z,http://www.wikidata.org/entity/Q817,,47.918611111,29.271427777
16,http://www.wikidata.org/entity/Q637300,Point(-96.819624 33.101026),2003-01-01T00:00:00Z,http://www.wikidata.org/entity/Q30,,-96.819624,33.101026
17,http://www.wikidata.org/entity/Q610481,Point(-2.727614 53.447631),2010-01-01T00:00:00Z,http://www.wikidata.org/entity/Q145,,-2.727614,53.447631
18,http://www.wikidata.org/entity/Q497095,Point(127.121273 37.410166),2001-11-13T00:00:00Z,http://www.wikidata.org/entity/Q884,,127.121273,37.410166
19,http://www.wikidata.org/entity/Q373355,Point(-71.264344444 42.090944444),2002-01-01T00:00:00Z,http://www.wikidata.org/entity/Q30,,-71.264344444,42.090944444
20,http://www.wikidata.org/entity/Q389625,Point(27.636656 42.565985),2006-11-01T00:00:00Z,http://www.wikidata.org/entity/Q219,,27.636656,42.565985
21,http://www.wikidata.org/entity/Q310525,Point(6.9829 50.93843),1998-01-01T00:00:00Z,http://www.wikidata.org/entity/Q183,,6.9829,50.93843
22,http://www.wikidata.org/entity/Q494860,Point(141.409767 43.015172),2001-05-01T00:00:00Z,http://www.wikidata.org/entity/Q17,,141.409767,43.015172
23,http://www.wikidata.org/entity/Q383181,Point(69.196667 34.52),2012-01-01T00:00:00Z,http://www.wikidata.org/entity/Q889,,69.196667,34.52
24,http://www.wikidata.org/entity/Q486725,Point(129.34802 35.562396),2005-08-25T00:00:00Z,http://www.wikidata.org/entity/Q884,,129.34802,35.562396
25,http://www.wikidata.org/entity/Q488308,Point(128.681374 37.662771),2009-01-01T00:00:00Z,http://www.wikidata.org/entity/Q884,,128.681374,37.662771
26,http://www.wikidata.org/entity/Q493801,Point(128.705707 35.223406),2009-12-01T00:00:00Z,http://www.wikidata.org/entity/Q884,,128.705707,35.223406
27,http://www.wikidata.org/entity/Q482441,Point(128.690205 35.829739),2001-06-28T00:00:00Z,http://www.wikidata.org/entity/Q884,,128.690205,35.829739
28,http://www.wikidata.org/entity/Q215295,Point(6.1275 46.177778),2003-01-01T00:00:00Z,http://www.wikidata.org/entity/Q39,,6.1275,46.177778
29,http://www.wikidata.org/entity/Q216167,Point(14.278281 46.608847),2007-01-01T00:00:00Z,http://www.wikidata.org/entity/Q40,,14.278281,46.608847
30,http://www.wikidata.org/entity/Q207623,Point(8.503801 47.382791),2007-01-01T00:00:00Z,http://www.wikidata.org/entity/Q39,,8.503801,47.382791
31,http://www.wikidata.org/entity/Q201773,Point(121.4762 31.2733),1999-01-01T00:00:00Z,http://www.wikidata.org/entity/Q148,,121.4762,31.2733
32,http://www.wikidata.org/entity/Q189337,Point(27.160833333 -25.578611111),1999-01-01T00:00:00Z,http://www.wikidata.org/entity/Q258,,27.160833333,-25.578611111
33,http://www.wikidata.org/entity/Q207109,Point(4.941944444 52.314166666),1996-08-14T00:00:00Z,http://www.wikidata.org/entity/Q55,,4.941944444,52.314166666
34,http://www.wikidata.org/entity/Q165944,Point(11.980555555 57.706111111),2009-04-05T00:00:00Z,http://www.wikidata.org/entity/Q34,,11.980555555,57.706111111
35,http://www.wikidata.org/entity/Q200684,Point(-118.261111111 33.864444444),2002-02-26T00:00:00Z,http://www.wikidata.org/entity/Q30,,-118.261111111,33.864444444
36,http://www.wikidata.org/entity/Q116601,Point(139.606247 35.510044),1997-10-01T00:00:00Z,http://www.wikidata.org/entity/Q17,,139.606247,35.510044
37,http://www.wikidata.org/entity/Q194576,Point(106.605749 26.620721),2010-01-01T00:00:00Z,http://www.wikidata.org/entity/Q148,,106.605749,26.620721
38,http://www.wikidata.org/entity/Q194479,Point(7.465 46.962778),2005-01-01T00:00:00Z,http://www.wikidata.org/entity/Q39,,7.465,46.962778
39,http://www.wikidata.org/entity/Q188706,Point(16.944094 51.141797),2011-01-01T00:00:00Z,http://www.wikidata.org/entity/Q36,,16.944094,51.141797
40,http://www.wikidata.org/entity/Q138554,Point(126.690699 37.434984),2002-02-25T00:00:00Z,http://www.wikidata.org/entity/Q884,,126.690699,37.434984
41,http://www.wikidata.org/entity/Q947460,Point(112.705929 -7.44772),2000-01-01T00:00:00Z,http://www.wikidata.org/entity/Q252,,112.705929,-7.44772
42,http://www.wikidata.org/entity/Q982837,Point(15.649166666 58.418055555),2013-05-05T00:00:00Z,http://www.wikidata.org/entity/Q34,,15.649166666,58.418055555
43,http://www.wikidata.org/entity/Q867234,Point(12.987777777 55.583611111),2009-04-13T00:00:00Z,http://www.wikidata.org/entity/Q34,,12.987777777,55.583611111
44,http://www.wikidata.org/entity/Q4199474,Point(112.573975 -8.149333),2004-06-09T00:00:00Z,http://www.wikidata.org/entity/Q252,,112.573975,-8.149333
45,http://www.wikidata.org/entity/Q5368862,Point(51.327383 35.634436),2010-05-01T00:00:00Z,http://www.wikidata.org/entity/Q794,,51.327383,35.634436
46,http://www.wikidata.org/entity/Q5400280,Point(-70.253056 -18.005),2000-01-01T00:00:00Z,http://www.wikidata.org/entity/Q419,,-70.253056,-18.005
47,http://www.wikidata.org/entity/Q5377615,Point(50.958333 35.850556),2001-01-01T00:00:00Z,http://www.wikidata.org/entity/Q794,,50.958333,35.850556
48,http://www.wikidata.org/entity/Q3625171,Point(26.5275 43.53361111),2011-09-25T00:00:00Z,http://www.wikidata.org/entity/Q219,,26.5275,43.53361111
49,http://www.wikidata.org/entity/Q3499835,Point(16.574167 43.588056),2009-07-22T00:00:00Z,http://www.wikidata.org/entity/Q224,,16.574167,43.588056
50,http://www.wikidata.org/entity/Q4069762,Point(45.151111 40.893333),2007-01-01T00:00:00Z,http://www.wikidata.org/entity/Q399,,45.151111,40.893333
51,http://www.wikidata.org/entity/Q5647818,Point(102.233094444 2.289080555),2004-01-01T00:00:00Z,http://www.wikidata.org/entity/Q833,,102.233094444,2.289080555
52,http://www.wikidata.org/entity/Q5763593,Point(-122.906628 45.554569),1999-01-01T00:00:00Z,http://www.wikidata.org/entity/Q30,,-122.906628,45.554569
53,http://www.wikidata.org/entity/Q5648127,Point(120.22443 30.2317),2018-01-01T00:00:00Z,http://www.wikidata.org/entity/Q148,,120.22443,30.2317
54,http://www.wikidata.org/entity/Q5613689,Point(108.388 22.767),2010-01-01T00:00:00Z,http://www.wikidata.org/entity/Q148,,108.388,22.767
55,http://www.wikidata.org/entity/Q5521161,Point(128.892519 37.7737639),1998-01-01T00:00:00Z,http://www.wikidata.org/entity/Q884,,128.892519,37.7737639
56,http://www.wikidata.org/entity/Q5579203,Point(-72.513384 42.112718),2002-01-01T00:00:00Z,http://www.wikidata.org/entity/Q30,,-72.513384,42.112718
57,http://www.wikidata.org/entity/Q5513793,Point(13.136944 32.859722),2000-05-17T00:00:00Z,http://www.wikidata.org/entity/Q1016,,13.136944,32.859722
58,http://www.wikidata.org/entity/Q5590181,Point(126.74166667 37.68133333),2011-01-01T00:00:00Z,http://www.wikidata.org/entity/Q884,,126.74166667,37.68133333
59,http://www.wikidata.org/entity/Q5518389,Point(-95.1764 29.8083),2002-11-01T00:00:00Z,http://www.wikidata.org/entity/Q30,,-95.1764,29.8083
60,http://www.wikidata.org/entity/Q5518835,Point(0.515833 51.28),2012-07-01T00:00:00Z,http://www.wikidata.org/entity/Q145,,0.515833,51.28
61,http://www.wikidata.org/entity/Q5759571,Point(-80.009444 40.436111),2012-06-25T00:00:00Z,http://www.wikidata.org/entity/Q30,,-80.009444,40.436111
62,http://www.wikidata.org/entity/Q5644033,Point(128.398233 35.281861),1999-12-27T00:00:00Z,http://www.wikidata.org/entity/Q884,,128.398233,35.281861
63,http://www.wikidata.org/entity/Q5425020,Point(36.4833 47.5167),2010-11-01T00:00:00Z,http://www.wikidata.org/entity/Q212,,36.4833,47.5167
64,http://www.wikidata.org/entity/Q5402161,Point(-43.305108 -22.585503),2007-12-01T00:00:00Z,http://www.wikidata.org/entity/Q155,,-43.305108,-22.585503
65,http://www.wikidata.org/entity/Q5116244,Point(127.690945 37.855952),2009-09-12T00:00:00Z,http://www.wikidata.org/entity/Q884,,127.690945,37.855952
66,http://www.wikidata.org/entity/Q4390980,Point(117.184441666 38.8834),2012-01-01T00:00:00Z,http://www.wikidata.org/entity/Q148,,117.184441666,38.8834
67,http://www.wikidata.org/entity/Q5139790,Point(-66.939064 10.474183),2005-01-01T00:00:00Z,http://www.wikidata.org/entity/Q717,,-66.939064,10.474183
68,http://www.wikidata.org/entity/Q5073275,Point(-97.3243 27.7101),2002-01-01T00:00:00Z,http://www.wikidata.org/entity/Q30,,-97.3243,27.7101
69,http://www.wikidata.org/entity/Q4876514,Point(-123.523055555 48.443111111),2009-01-01T00:00:00Z,http://www.wikidata.org/entity/Q16,,-123.523055555,48.443111111
70,http://www.wikidata.org/entity/Q4931173,Point(-11.74 7.96),2006-01-01T00:00:00Z,http://www.wikidata.org/entity/Q1044,,-11.74,7.96
71,http://www.wikidata.org/entity/Q4333900,Point(44.4772 48.7664),1999-01-01T00:00:00Z,http://www.wikidata.org/entity/Q159,,44.4772,48.7664
72,http://www.wikidata.org/entity/Q5176020,Point(-95.3452 29.7267),1995-02-22T00:00:00Z,http://www.wikidata.org/entity/Q30,,-95.3452,29.7267
73,http://www.wikidata.org/entity/Q4426744,Point(55.976225 53.641672),2000-01-01T00:00:00Z,http://www.wikidata.org/entity/Q159,,55.976225,53.641672
74,http://www.wikidata.org/entity/Q5206120,Point(55.132986111 25.021708333),2009-01-01T00:00:00Z,http://www.wikidata.org/entity/Q878,,55.132986111,25.021708333
75,http://www.wikidata.org/entity/Q4875021,Point(-2.99902 56.1887),1998-01-01T00:00:00Z,http://www.wikidata.org/entity/Q145,,-2.99902,56.1887
76,http://www.wikidata.org/entity/Q4392918,Point(104.335 52.43722),2006-01-01T00:00:00Z,http://www.wikidata.org/entity/Q159,,104.335,52.43722
77,http://www.wikidata.org/entity/Q4884728,Point(-3.934597 55.773361),2010-01-01T00:00:00Z,http://www.wikidata.org/entity/Q145,,-3.934597,55.773361
78,http://www.wikidata.org/entity/Q4873358,Point(41.61916667 41.63527778),2018-01-01T00:00:00Z,http://www.wikidata.org/entity/Q230,,41.61916667,41.63527778
79,http://www.wikidata.org/entity/Q5006492,Point(-97.113 33.2618),2004-01-01T00:00:00Z,http://www.wikidata.org/entity/Q30,,-97.113,33.2618
80,http://www.wikidata.org/entity/Q5210935,Point(121.564 39.02),2013-07-03T00:00:00Z,http://www.wikidata.org/entity/Q148,,121.564,39.02
81,http://www.wikidata.org/entity/Q5072159,Point(113.073256 36.218506),2010-01-01T00:00:00Z,http://www.wikidata.org/entity/Q148,,113.073256,36.218506
82,http://www.wikidata.org/entity/Q5091591,Point(127.115081 36.81876),2001-07-31T00:00:00Z,http://www.wikidata.org/entity/Q884,,127.115081,36.81876
83,http://www.wikidata.org/entity/Q5004664,Point(126.84991667 37.73013889),2006-01-01T00:00:00Z,http://www.wikidata.org/entity/Q884,,126.84991667,37.73013889
84,http://www.wikidata.org/entity/Q4875423,Point(34.7794 31.2731),2015-01-01T00:00:00Z,http://www.wikidata.org/entity/Q801,,34.7794,31.2731
85,http://www.wikidata.org/entity/Q5306379,Point(-2.99164 53.39756),2008-01-01T00:00:00Z,http://www.wikidata.org/entity/Q145,,-2.99164,53.39756
86,http://www.wikidata.org/entity/Q4982684,Point(126.798999 37.502567),2001-01-01T00:00:00Z,http://www.wikidata.org/entity/Q884,,126.798999,37.502567
87,http://www.wikidata.org/entity/Q4702278,Point(35.744722 35.560556),1999-01-01T00:00:00Z,http://www.wikidata.org/entity/Q858,,35.744722,35.560556
88,http://www.wikidata.org/entity/Q4841823,Point(29.825019 -18.91628),1995-01-01T00:00:00Z,http://www.wikidata.org/entity/Q954,,29.825019,-18.91628
89,http://www.wikidata.org/entity/Q5195610,Point(24.940641 44.960169),2000-01-01T00:00:00Z,http://www.wikidata.org/entity/Q218,,24.940641,44.960169
90,http://www.wikidata.org/entity/Q4295536,Point(49.2274 55.7915),2009-01-01T00:00:00Z,http://www.wikidata.org/entity/Q159,,49.2274,55.7915
91,http://www.wikidata.org/entity/Q3229439,Point(16.4508 46.559528),2006-01-01T00:00:00Z,http://www.wikidata.org/entity/Q215,,16.4508,46.559528
92,http://www.wikidata.org/entity/Q3435821,Point(14.655833333 63.194722222),2007-07-13T00:00:00Z,http://www.wikidata.org/entity/Q34,,14.655833333,63.194722222
93,http://www.wikidata.org/entity/Q1064949,Point(106.502109 29.528723),2004-01-01T00:00:00Z,http://www.wikidata.org/entity/Q148,,106.502109,29.528723
94,http://www.wikidata.org/entity/Q3277702,Point(110.360186111 1.588544444),1997-06-17T00:00:00Z,http://www.wikidata.org/entity/Q833,,110.360186111,1.588544444
95,http://www.wikidata.org/entity/Q2333630,Point(151.068056 -33.855),1998-01-01T00:00:00Z,http://www.wikidata.org/entity/Q408,,151.068056,-33.855
96,http://www.wikidata.org/entity/Q2035401,Point(115.851944444 -31.948333333),2012-01-01T00:00:00Z,http://www.wikidata.org/entity/Q408,,115.851944444,-31.948333333
97,http://www.wikidata.org/entity/Q2093647,Point(-73.5525 45.563055555),2007-04-18T00:00:00Z,http://www.wikidata.org/entity/Q16,,-73.5525,45.563055555
98,http://www.wikidata.org/entity/Q2459367,Point(-6.37374 53.2835),2009-01-01T00:00:00Z,http://www.wikidata.org/entity/Q27,,-6.37374,53.2835
99,http://www.wikidata.org/entity/Q1149601,Point(39.956111 43.402267),2013-01-01T00:00:00Z,http://www.wikidata.org/entity/Q159,,39.956111,43.402267
100,http://www.wikidata.org/entity/Q1058494,Point(-8.642777777 41.162222222),2003-12-30T00:00:00Z,http://www.wikidata.org/entity/Q45,,-8.642777777,41.162222222
101,http://www.wikidata.org/entity/Q1851216,Point(151.061944 -33.844444),1999-01-01T00:00:00Z,http://www.wikidata.org/entity/Q408,,151.061944,-33.844444
102,http://www.wikidata.org/entity/Q1058864,Point(-95.410833333 29.684722222),2002-01-01T00:00:00Z,http://www.wikidata.org/entity/Q30,,-95.410833333,29.684722222
103,http://www.wikidata.org/entity/Q1421187,Point(16.31523333 56.69070278),2011-04-11T00:00:00Z,http://www.wikidata.org/entity/Q34,,16.31523333,56.69070278
104,http://www.wikidata.org/entity/Q1583034,Point(14.776388888 56.879722222),2012-09-01T00:00:00Z,http://www.wikidata.org/entity/Q34,,14.776388888,56.879722222
105,http://www.wikidata.org/entity/Q2860806,Point(2.229554 48.89565),2013-01-01T00:00:00Z,http://www.wikidata.org/entity/Q142,,2.229554,48.89565
106,http://www.wikidata.org/entity/Q2063232,Point(110.418 -7.75051),2007-01-01T00:00:00Z,http://www.wikidata.org/entity/Q252,,110.418,-7.75051
107,http://www.wikidata.org/entity/Q2056065,Point(55.463055555 24.989444444),2008-01-01T00:00:00Z,http://www.wikidata.org/entity/Q878,,55.463055555,24.989444444
108,http://www.wikidata.org/entity/Q1514798,Point(-111.893 40.5829),2005-01-01T00:00:00Z,http://www.wikidata.org/entity/Q30,,-111.893,40.5829
109,http://www.wikidata.org/entity/Q3271598,Point(104.307826 30.615778),2004-01-01T00:00:00Z,http://www.wikidata.org/entity/Q148,,104.307826,30.615778
110,http://www.wikidata.org/entity/Q1568614,Point(17.568882 59.188354),2005-11-01T00:00:00Z,http://www.wikidata.org/entity/Q34,,17.568882,59.188354
111,http://www.wikidata.org/entity/Q3269933,Point(35.95305634 31.92749977),1999-01-01T00:00:00Z,http://www.wikidata.org/entity/Q810,,35.95305634,31.92749977
112,http://www.wikidata.org/entity/Q2756516,Point(-43.330556 -22.610833),2009-01-18T00:00:00Z,http://www.wikidata.org/entity/Q155,,-43.330556,-22.610833
113,http://www.wikidata.org/entity/Q2576588,Point(26.074956 44.427666),1995-01-01T00:00:00Z,http://www.wikidata.org/entity/Q218,,26.074956,44.427666
114,http://www.wikidata.org/entity/Q1038647,Point(132.484 34.3925),2009-01-01T00:00:00Z,http://www.wikidata.org/entity/Q17,,132.484,34.3925
115,http://www.wikidata.org/entity/Q2042133,Point(46.652805555 41.639361111),2008-01-01T00:00:00Z,http://www.wikidata.org/entity/Q227,,46.652805555,41.639361111
116,http://www.wikidata.org/entity/Q1108329,Point(103.851475 1.354545),1998-01-01T00:00:00Z,http://www.wikidata.org/entity/Q334,,103.851475,1.354545
117,http://www.wikidata.org/entity/Q2063232,Point(110.418402 -7.750508),2007-01-01T00:00:00Z,http://www.wikidata.org/entity/Q252,,110.418402,-7.750508
118,http://www.wikidata.org/entity/Q2076694,Point(35.31085 32.866692),2006-01-01T00:00:00Z,http://www.wikidata.org/entity/Q801,,35.31085,32.866692
119,http://www.wikidata.org/entity/Q2408962,Point(100.598611 14.067778),1998-01-01T00:00:00Z,http://www.wikidata.org/entity/Q869,,100.598611,14.067778
120,http://www.wikidata.org/entity/Q2899864,Point(34.966765 32.783356),2014-01-01T00:00:00Z,http://www.wikidata.org/entity/Q801,,34.966765,32.783356
121,http://www.wikidata.org/entity/Q3058820,Point(-106.143889 28.712778),2007-01-01T00:00:00Z,http://www.wikidata.org/entity/Q96,,-106.143889,28.712778
122,http://www.wikidata.org/entity/Q2205862,Point(9.31205034 55.25119079),2011-01-01T00:00:00Z,http://www.wikidata.org/entity/Q35,,9.31205034,55.25119079
123,http://www.wikidata.org/entity/Q2041782,Point(37.515278 47.120278),2005-01-01T00:00:00Z,http://www.wikidata.org/entity/Q212,,37.515278,47.120278
124,http://www.wikidata.org/entity/Q2697083,Point(-2.986389 43.302778),2003-01-01T00:00:00Z,http://www.wikidata.org/entity/Q29,,-2.986389,43.302778
125,http://www.wikidata.org/entity/Q1479839,Point(7.02194 4.825),2001-01-01T00:00:00Z,http://www.wikidata.org/entity/Q1033,,7.02194,4.825
126,http://www.wikidata.org/entity/Q1381223,Point(144.983889 -37.825278),2010-01-01T00:00:00Z,http://www.wikidata.org/entity/Q408,,144.983889,-37.825278
127,http://www.wikidata.org/entity/Q2599712,Point(-55.102228 5.663689),2001-06-30T00:00:00Z,http://www.wikidata.org/entity/Q730,,-55.102228,5.663689
128,http://www.wikidata.org/entity/Q3495654,Point(11.110556 33.491667),2003-01-01T00:00:00Z,http://www.wikidata.org/entity/Q948,,11.110556,33.491667
129,http://www.wikidata.org/entity/Q1150956,Point(105.763805555 21.020555555),2003-01-01T00:00:00Z,http://www.wikidata.org/entity/Q881,,105.763805555,21.020555555
130,http://www.wikidata.org/entity/Q2117452,Point(44.438984 33.344603),2004-01-01T00:00:00Z,http://www.wikidata.org/entity/Q796,,44.438984,33.344603
131,http://www.wikidata.org/entity/Q3103950,Point(100.200558333 6.450438888),1995-01-01T00:00:00Z,http://www.wikidata.org/entity/Q833,,100.200558333,6.450438888
132,http://www.wikidata.org/entity/Q1540869,Point(100.598611 7.207222),1995-01-01T00:00:00Z,http://www.wikidata.org/entity/Q869,,100.598611,7.207222
133,http://www.wikidata.org/entity/Q3495883,Point(28.667 46.9844),2009-01-01T00:00:00Z,http://www.wikidata.org/entity/Q217,,28.667,46.9844
134,http://www.wikidata.org/entity/Q1849789,Point(34.864433 32.294397),2012-01-01T00:00:00Z,http://www.wikidata.org/entity/Q801,,34.864433,32.294397
135,http://www.wikidata.org/entity/Q1771247,Point(103.096111 14.966667),2011-01-01T00:00:00Z,http://www.wikidata.org/entity/Q869,,103.096111,14.966667
136,http://www.wikidata.org/entity/Q1138684,Point(18.0 59.3725),2012-10-27T00:00:00Z,http://www.wikidata.org/entity/Q34,,18.0,59.3725
137,http://www.wikidata.org/entity/Q1382956,Point(102.703889 18.061944),2009-01-01T00:00:00Z,http://www.wikidata.org/entity/Q819,,102.703889,18.061944
138,http://www.wikidata.org/entity/Q1165409,Point(16.530555555 59.6275),2008-04-27T00:00:00Z,http://www.wikidata.org/entity/Q34,,16.530555555,59.6275
139,http://www.wikidata.org/entity/Q1478891,Point(13.179722222 55.697777777),2008-09-01T00:00:00Z,http://www.wikidata.org/entity/Q34,,13.179722222,55.697777777
140,http://www.wikidata.org/entity/Q1067235,Point(5.893056 51.9625),1996-01-01T00:00:00Z,http://www.wikidata.org/entity/Q55,,5.893056,51.9625
141,http://www.wikidata.org/entity/Q1848655,Point(121.469264 31.184517),2009-09-01T00:00:00Z,http://www.wikidata.org/entity/Q148,,121.469264,31.184517
142,http://www.wikidata.org/entity/Q3495980,Point(-13.626667 9.624167),2011-01-01T00:00:00Z,http://www.wikidata.org/entity/Q1006,,-13.626667,9.624167
143,http://www.wikidata.org/entity/Q2691028,Point(110.806389 -7.555556),1998-01-01T00:00:00Z,http://www.wikidata.org/entity/Q252,,110.806389,-7.555556
144,http://www.wikidata.org/entity/Q1579227,Point(-9.540424 30.427214),2013-10-11T00:00:00Z,http://www.wikidata.org/entity/Q1028,,-9.540424,30.427214
145,http://www.wikidata.org/entity/Q2385498,Point(28.611389 -12.975),2010-01-01T00:00:00Z,http://www.wikidata.org/entity/Q953,,28.611389,-12.975
146,http://www.wikidata.org/entity/Q2701834,Point(18.08527778 59.29138889),2013-01-01T00:00:00Z,http://www.wikidata.org/entity/Q34,,18.08527778,59.29138889
147,http://www.wikidata.org/entity/Q1032105,Point(-8.593611 40.6475),2003-01-01T00:00:00Z,http://www.wikidata.org/entity/Q45,,-8.593611,40.6475
148,http://www.wikidata.org/entity/Q1072722,Point(113.114296 22.969828),2006-01-01T00:00:00Z,http://www.wikidata.org/entity/Q148,,113.114296,22.969828
149,http://www.wikidata.org/entity/Q2540855,Point(-78.7551 35.7862),2002-01-01T00:00:00Z,http://www.wikidata.org/entity/Q30,,-78.7551,35.7862
150,http://www.wikidata.org/entity/Q1142586,Point(-83.045555555 42.34),2002-01-01T00:00:00Z,http://www.wikidata.org/entity/Q30,,-83.045555555,42.34
151,http://www.wikidata.org/entity/Q2197062,Point(95.323611 5.5225),1996-12-26T00:00:00Z,http://www.wikidata.org/entity/Q252,,95.323611,5.5225
152,http://www.wikidata.org/entity/Q3277745,Point(100.976389 13.364444),2010-01-01T00:00:00Z,http://www.wikidata.org/entity/Q869,,100.976389,13.364444
153,http://www.wikidata.org/entity/Q2016089,Point(107.529722 -6.996667),2003-04-01T00:00:00Z,http://www.wikidata.org/entity/Q252,,107.529722,-6.996667
154,http://www.wikidata.org/entity/Q2659832,Point(-54.401583 5.621239),2002-01-01T00:00:00Z,http://www.wikidata.org/entity/Q730,,-54.401583,5.621239
155,http://www.wikidata.org/entity/Q1339395,Point(5.996367 52.2081),2008-01-01T00:00:00Z,http://www.wikidata.org/entity/Q55,,5.996367,52.2081
156,http://www.wikidata.org/entity/Q3271671,Point(69.230561 41.321654),1998-01-01T00:00:00Z,http://www.wikidata.org/entity/Q265,,69.230561,41.321654
157,http://www.wikidata.org/entity/Q2741438,Point(74.331944 31.510833),2003-01-01T00:00:00Z,http://www.wikidata.org/entity/Q843,,74.331944,31.510833
158,http://www.wikidata.org/entity/Q8048650,Point(129.032181 35.344681),2002-01-01T00:00:00Z,http://www.wikidata.org/entity/Q884,,129.032181,35.344681
159,http://www.wikidata.org/entity/Q7596368,Point(25.9811 44.5481),2011-09-06T00:00:00Z,http://www.wikidata.org/entity/Q218,,25.9811,44.5481
160,http://www.wikidata.org/entity/Q9296368,Point(-35.1801 -5.8894),2006-01-01T00:00:00Z,http://www.wikidata.org/entity/Q155,,-35.1801,-5.8894
161,http://www.wikidata.org/entity/Q7816465,Point(-96.608889 33.025556),2003-01-01T00:00:00Z,http://www.wikidata.org/entity/Q30,,-96.608889,33.025556
162,http://www.wikidata.org/entity/Q11550058,Point(105.933 29.3457),2007-01-01T00:00:00Z,http://www.wikidata.org/entity/Q148,,105.933,29.3457
163,http://www.wikidata.org/entity/Q11374806,Point(135.584722222 35.016944444),2020-01-01T00:00:00Z,http://www.wikidata.org/entity/Q17,,135.584722222,35.016944444
164,http://www.wikidata.org/entity/Q7879921,Point(129.266 35.532),2014-01-01T00:00:00Z,http://www.wikidata.org/entity/Q884,,129.266,35.532
165,http://www.wikidata.org/entity/Q7596488,Point(149.183889 -21.163611),2011-01-01T00:00:00Z,http://www.wikidata.org/entity/Q408,,149.183889,-21.163611
166,http://www.wikidata.org/entity/Q10861377,Point(46.295833 38.026667),2011-11-27T00:00:00Z,http://www.wikidata.org/entity/Q794,,46.295833,38.026667
167,http://www.wikidata.org/entity/Q7693083,Point(-76.3012 36.8842),2002-01-01T00:00:00Z,http://www.wikidata.org/entity/Q30,,-76.3012,36.8842
168,http://www.wikidata.org/entity/Q7878065,Point(127.029747 37.757921),2002-04-30T00:00:00Z,http://www.wikidata.org/entity/Q884,,127.029747,37.757921
169,http://www.wikidata.org/entity/Q12135865,Point(37.808 47.9614),2001-01-01T00:00:00Z,http://www.wikidata.org/entity/Q212,,37.808,47.9614
170,http://www.wikidata.org/entity/Q12137653,Point(-3.797161 51.663469),2003-01-01T00:00:00Z,http://www.wikidata.org/entity/Q145,,-3.797161,51.663469
171,http://www.wikidata.org/entity/Q7695148,Point(-49.358889 -20.797222),1996-01-01T00:00:00Z,http://www.wikidata.org/entity/Q155,,-49.358889,-20.797222
172,http://www.wikidata.org/entity/Q11287360,Point(126.924678 37.137249),2011-06-10T00:00:00Z,http://www.wikidata.org/entity/Q884,,126.924678,37.137249
173,http://www.wikidata.org/entity/Q7927547,Point(-89.0273 42.3247),2007-01-01T00:00:00Z,http://www.wikidata.org/entity/Q30,,-89.0273,42.3247
174,http://www.wikidata.org/entity/Q11550058,Point(105.934 29.3458),2007-01-01T00:00:00Z,http://www.wikidata.org/entity/Q148,,105.934,29.3458
175,http://www.wikidata.org/entity/Q7983856,Point(-76.479722 38.981667),2008-01-01T00:00:00Z,http://www.wikidata.org/entity/Q30,,-76.479722,38.981667
176,http://www.wikidata.org/entity/Q11374783,Point(135.715325 34.989869),2002-07-20T00:00:00Z,http://www.wikidata.org/entity/Q17,,135.715325,34.989869
177,http://www.wikidata.org/entity/Q6587962,Point(51.08333333 35.48333333),2002-01-01T00:00:00Z,http://www.wikidata.org/entity/Q794,,51.08333333,35.48333333
178,http://www.wikidata.org/entity/Q5935303,Point(114.447 23.0333),2010-02-05T00:00:00Z,http://www.wikidata.org/entity/Q148,,114.447,23.0333
179,http://www.wikidata.org/entity/Q6722722,Point(113.56805556 22.1525),2005-10-01T00:00:00Z,http://www.wikidata.org/entity/Q148,,113.56805556,22.1525
180,http://www.wikidata.org/entity/Q5931161,Point(51.686203 32.743267),2003-01-01T00:00:00Z,http://www.wikidata.org/entity/Q794,,51.686203,32.743267
181,http://www.wikidata.org/entity/Q5931110,Point(56.986629 30.270857),2004-01-01T00:00:00Z,http://www.wikidata.org/entity/Q794,,56.986629,30.270857
182,http://www.wikidata.org/entity/Q6792471,Point(91.77432778 24.47315),2005-01-01T00:00:00Z,http://www.wikidata.org/entity/Q902,,91.77432778,24.47315
183,http://www.wikidata.org/entity/Q6998686,Point(138.578611 -34.9325),2001-01-01T00:00:00Z,http://www.wikidata.org/entity/Q408,,138.578611,-34.9325
184,http://www.wikidata.org/entity/Q7406284,Point(-89.21624 37.7085),2010-08-24T00:00:00Z,http://www.wikidata.org/entity/Q30,,-89.21624,37.7085
185,http://www.wikidata.org/entity/Q5986070,Point(127.496645 37.285788),2001-01-01T00:00:00Z,http://www.wikidata.org/entity/Q884,,127.496645,37.285788
186,http://www.wikidata.org/entity/Q6412171,Point(30.9 -29.971389),2010-01-01T00:00:00Z,http://www.wikidata.org/entity/Q258,,30.9,-29.971389
187,http://www.wikidata.org/entity/Q6390566,Point(-73.124167 40.918889),2002-01-01T00:00:00Z,http://www.wikidata.org/entity/Q30,,-73.124167,40.918889
188,http://www.wikidata.org/entity/Q6634179,Point(100.993618 13.411302),2010-01-01T00:00:00Z,http://www.wikidata.org/entity/Q869,,100.993618,13.411302
189,http://www.wikidata.org/entity/Q7390484,Point(-106.269 31.715),2000-01-01T00:00:00Z,http://www.wikidata.org/entity/Q30,,-106.269,31.715
190,http://www.wikidata.org/entity/Q6584519,Point(99.874722 19.956944),2012-01-01T00:00:00Z,http://www.wikidata.org/entity/Q869,,99.874722,19.956944
191,http://www.wikidata.org/entity/Q7178880,Point(31.446 30.027),2006-01-01T00:00:00Z,http://www.wikidata.org/entity/Q79,,31.446,30.027
192,http://www.wikidata.org/entity/Q6191796,Point(120.288276 31.926232),2010-01-01T00:00:00Z,http://www.wikidata.org/entity/Q148,,120.288276,31.926232
193,http://www.wikidata.org/entity/Q7567761,Point(104.781628 29.326407),2010-08-09T00:00:00Z,http://www.wikidata.org/entity/Q148,,104.781628,29.326407
194,http://www.wikidata.org/entity/Q5925141,Point(117.009166666 32.568611111),2010-01-01T00:00:00Z,http://www.wikidata.org/entity/Q148,,117.009166666,32.568611111
195,http://www.wikidata.org/entity/Q6202574,Point(128.135836 35.182943),2010-08-21T00:00:00Z,http://www.wikidata.org/entity/Q884,,128.135836,35.182943
196,http://www.wikidata.org/entity/Q6214099,Point(-97.1986 38.345),2009-01-01T00:00:00Z,http://www.wikidata.org/entity/Q30,,-97.1986,38.345
197,http://www.wikidata.org/entity/Q6402920,Point(89.53735278 22.844475),2004-01-01T00:00:00Z,http://www.wikidata.org/entity/Q902,,89.53735278,22.844475
198,http://www.wikidata.org/entity/Q7343892,Point(-76.945277777 38.998611111),2001-01-01T00:00:00Z,http://www.wikidata.org/entity/Q30,,-76.945277777,38.998611111
199,http://www.wikidata.org/entity/Q6181753,Point(51.469267 25.372711),2013-02-15T00:00:00Z,http://www.wikidata.org/entity/Q846,,51.469267,25.372711
200,http://www.wikidata.org/entity/Q6747490,Point(-2.203889 53.483889),2002-01-01T00:00:00Z,http://www.wikidata.org/entity/Q145,,-2.203889,53.483889
201,http://www.wikidata.org/entity/Q6619833,Point(-111.885278 33.546111),2011-02-11T00:00:00Z,http://www.wikidata.org/entity/Q30,,-111.885278,33.546111
202,http://www.wikidata.org/entity/Q6126834,Point(11.35453611 8.95111111),2002-01-01T00:00:00Z,http://www.wikidata.org/entity/Q1033,,11.35453611,8.95111111
203,http://www.wikidata.org/entity/Q7269118,Point(118.656262 24.929541),2008-01-01T00:00:00Z,http://www.wikidata.org/entity/Q148,,118.656262,24.929541
204,http://www.wikidata.org/entity/Q7364007,Point(-79.9171 43.2668),2008-01-01T00:00:00Z,http://www.wikidata.org/entity/Q16,,-79.9171,43.2668
205,http://www.wikidata.org/entity/Q7404155,Point(-62.2224 16.7477),2000-01-01T00:00:00Z,http://www.wikidata.org/entity/Q145,,-62.2224,16.7477
206,http://www.wikidata.org/entity/Q7420641,Point(138.578333 -34.929444),1998-01-01T00:00:00Z,http://www.wikidata.org/entity/Q408,,138.578333,-34.929444
207,http://www.wikidata.org/entity/Q7100907,Point(109.948156 39.832502),2011-01-01T00:00:00Z,http://www.wikidata.org/entity/Q148,,109.948156,39.832502
208,http://www.wikidata.org/entity/Q6964343,Point(120.890453 31.968512),2010-01-01T00:00:00Z,http://www.wikidata.org/entity/Q148,,120.890453,31.968512
209,http://www.wikidata.org/entity/Q6443417,Point(130.8 32.836944),1995-01-01T00:00:00Z,http://www.wikidata.org/entity/Q17,,130.8,32.836944
210,http://www.wikidata.org/entity/Q6100386,Point(140.860527 37.017919),1995-01-01T00:00:00Z,http://www.wikidata.org/entity/Q17,,140.860527,37.017919
211,http://www.wikidata.org/entity/Q6704644,Point(112.423526 34.621124),2008-01-01T00:00:00Z,http://www.wikidata.org/entity/Q148,,112.423526,34.621124
212,http://www.wikidata.org/entity/Q6469203,Point(100.784 13.7062),2009-01-01T00:00:00Z,http://www.wikidata.org/entity/Q869,,100.784,13.7062
213,http://www.wikidata.org/entity/Q6588152,Point(48.068983333 29.291433333),2017-01-01T00:00:00Z,http://www.wikidata.org/entity/Q817,,48.068983333,29.291433333
214,http://www.wikidata.org/entity/Q7125325,Point(126.786476 37.756085),2004-01-01T00:00:00Z,http://www.wikidata.org/entity/Q884,,126.786476,37.756085
215,http://www.wikidata.org/entity/Q6191776,Point(116.023333 28.674444),2010-01-01T00:00:00Z,http://www.wikidata.org/entity/Q148,,116.023333,28.674444
216,http://www.wikidata.org/entity/Q14874620,Point(-120.366 50.6692),2006-01-01T00:00:00Z,http://www.wikidata.org/entity/Q16,,-120.366,50.6692
217,http://www.wikidata.org/entity/Q15224369,Point(-81.5117 30.27526944),2004-01-01T00:00:00Z,http://www.wikidata.org/entity/Q30,,-81.5117,30.27526944
218,http://www.wikidata.org/entity/Q15646927,Point(55.7166 24.2456),2014-01-01T00:00:00Z,http://www.wikidata.org/entity/Q878,,55.7166,24.2456
219,http://www.wikidata.org/entity/Q16632618,Point(21.97794444 47.00741667),2011-01-01T00:00:00Z,http://www.wikidata.org/entity/Q218,,21.97794444,47.00741667
220,http://www.wikidata.org/entity/Q13021977,Point(100.57698 13.884131),2010-01-01T00:00:00Z,http://www.wikidata.org/entity/Q869,,100.57698,13.884131
221,http://www.wikidata.org/entity/Q17511307,Point(36.2853 36.4961),2011-01-01T00:00:00Z,http://www.wikidata.org/entity/Q858,,36.2853,36.4961
222,http://www.wikidata.org/entity/Q16632674,Point(-2.85716944 55.54735),2000-01-01T00:00:00Z,http://www.wikidata.org/entity/Q145,,-2.85716944,55.54735
223,http://www.wikidata.org/entity/Q15713801,Point(135.086 48.4843),2013-01-01T00:00:00Z,http://www.wikidata.org/entity/Q159,,135.086,48.4843
224,http://www.wikidata.org/entity/Q16594246,Point(-46.04333333 60.72555556),2010-09-13T00:00:00Z,http://www.wikidata.org/entity/Q223,,-46.04333333,60.72555556
225,http://www.wikidata.org/entity/Q18640314,Point(-2.1928 53.4812),2014-12-08T00:00:00Z,http://www.wikidata.org/entity/Q145,,-2.1928,53.4812
226,http://www.wikidata.org/entity/Q14862239,Point(139.7145 35.6778),2016-12-01T00:00:00Z,http://www.wikidata.org/entity/Q17,,139.7145,35.6778
227,http://www.wikidata.org/entity/Q16850406,Point(36.2658584 50.0978357),2011-09-07T00:00:00Z,http://www.wikidata.org/entity/Q212,,36.2658584,50.0978357
228,http://www.wikidata.org/entity/Q15178279,Point(35.317111111 32.627388888),2009-01-01T00:00:00Z,http://www.wikidata.org/entity/Q801,,35.317111111,32.627388888
229,http://www.wikidata.org/entity/Q15277080,Point(89.82751667 23.01006389),1999-01-01T00:00:00Z,http://www.wikidata.org/entity/Q902,,89.82751667,23.01006389
230,http://www.wikidata.org/entity/Q14935428,Point(153.42861111 -28.02861111),2004-01-01T00:00:00Z,http://www.wikidata.org/entity/Q408,,153.42861111,-28.02861111
231,http://www.wikidata.org/entity/Q17994714,Point(46.39833333 38.04722222),2014-05-01T00:00:00Z,http://www.wikidata.org/entity/Q794,,46.39833333,38.04722222
232,http://www.wikidata.org/entity/Q12709636,Point(101.54708099 3.08011699),1998-01-01T00:00:00Z,http://www.wikidata.org/entity/Q833,,101.54708099,3.08011699
233,http://www.wikidata.org/entity/Q16632753,Point(120.951 14.7947),2014-01-01T00:00:00Z,http://www.wikidata.org/entity/Q928,,120.951,14.7947
234,http://www.wikidata.org/entity/Q16891052,Point(121.054 14.5311),2013-01-01T00:00:00Z,http://www.wikidata.org/entity/Q928,,121.054,14.5311
235,http://www.wikidata.org/entity/Q17347225,Point(5.36989 43.2963),2015-01-01T00:00:00Z,http://www.wikidata.org/entity/Q142,,5.36989,43.2963
236,http://www.wikidata.org/entity/Q16632712,Point(117.351801 39.006941),2011-01-01T00:00:00Z,http://www.wikidata.org/entity/Q148,,117.351801,39.006941
237,http://www.wikidata.org/entity/Q15222101,Point(123.37856 41.664807),2003-01-01T00:00:00Z,http://www.wikidata.org/entity/Q148,,123.37856,41.664807
238,http://www.wikidata.org/entity/Q16046889,Point(51.357638 35.61211),2013-01-01T00:00:00Z,http://www.wikidata.org/entity/Q794,,51.357638,35.61211
239,http://www.wikidata.org/entity/Q16632572,Point(17.13444444 60.69194444),2015-05-20T00:00:00Z,http://www.wikidata.org/entity/Q34,,17.13444444,60.69194444
240,http://www.wikidata.org/entity/Q16627041,Point(113.536111 22.273333),1998-01-01T00:00:00Z,http://www.wikidata.org/entity/Q148,,113.536111,22.273333
241,http://www.wikidata.org/entity/Q16099348,Point(127.021685 36.768172),2008-04-10T00:00:00Z,http://www.wikidata.org/entity/Q884,,127.021685,36.768172
242,http://www.wikidata.org/entity/Q19752846,Point(109.36055556 -7.39388889),2009-01-01T00:00:00Z,http://www.wikidata.org/entity/Q252,,109.36055556,-7.39388889
243,http://www.wikidata.org/entity/Q15601980,Point(102.05 14.9272),2007-01-01T00:00:00Z,http://www.wikidata.org/entity/Q869,,102.05,14.9272
244,http://www.wikidata.org/entity/Q14850161,Point(128.58183333 35.22244444),2019-03-18T00:00:00Z,http://www.wikidata.org/entity/Q884,,128.58183333,35.22244444
245,http://www.wikidata.org/entity/Q12404179,Point(34.775203 31.915394),2001-01-01T00:00:00Z,http://www.wikidata.org/entity/Q801,,34.775203,31.915394
246,http://www.wikidata.org/entity/Q7875112,Point(-9.184680555 38.752677777),2003-10-25T00:00:00Z,http://www.wikidata.org/entity/Q45,,-9.184680555,38.752677777
247,http://www.wikidata.org/entity/Q7596332,Point(14.400759 45.34744),2015-08-02T00:00:00Z,http://www.wikidata.org/entity/Q224,,14.400759,45.34744
248,http://www.wikidata.org/entity/Q3967906,Point(11.526667 43.573889),1996-01-01T00:00:00Z,http://www.wikidata.org/entity/Q38,,11.526667,43.573889
249,http://www.wikidata.org/entity/Q5400128,Point(-59.010833 -27.443611),2011-05-24T00:00:00Z,http://www.wikidata.org/entity/Q414,,-59.010833,-27.443611
250,http://www.wikidata.org/entity/Q6099597,Point(36.4575 41.22777778),2017-07-18T00:00:00Z,http://www.wikidata.org/entity/Q43,,36.4575,41.22777778
251,http://www.wikidata.org/entity/Q5995439,Point(27.075833333 38.396666666),2020-01-26T00:00:00Z,http://www.wikidata.org/entity/Q43,,27.075833333,38.396666666
252,http://www.wikidata.org/entity/Q5180640,Point(18.530833 54.4975),2010-02-14T00:00:00Z,http://www.wikidata.org/entity/Q36,,18.530833,54.4975
253,http://www.wikidata.org/entity/Q7012155,Point(39.64855 40.996361),2016-12-18T00:00:00Z,http://www.wikidata.org/entity/Q43,,39.64855,40.996361
254,http://www.wikidata.org/entity/Q9341160,Point(22.5575 51.2319),2014-01-01T00:00:00Z,http://www.wikidata.org/entity/Q36,,22.5575,51.2319
255,http://www.wikidata.org/entity/Q7942542,Point(20.4902 44.7749),2013-01-01T00:00:00Z,http://www.wikidata.org/entity/Q403,,20.4902,44.7749
256,http://www.wikidata.org/entity/Q6389756,Point(-84.567611111 34.028938888),2010-01-01T00:00:00Z,http://www.wikidata.org/entity/Q30,,-84.567611111,34.028938888
257,http://www.wikidata.org/entity/Q12008194,Point(11.189 60.152),2011-01-01T00:00:00Z,http://www.wikidata.org/entity/Q20,,11.189,60.152
258,http://www.wikidata.org/entity/Q5380998,Point(14.089722222 59.311111111),2007-01-01T00:00:00Z,http://www.wikidata.org/entity/Q34,,14.089722222,59.311111111
259,http://www.wikidata.org/entity/Q4788902,Point(-46.678417 -23.527556),2010-01-01T00:00:00Z,http://www.wikidata.org/entity/Q155,,-46.678417,-23.527556
260,http://www.wikidata.org/entity/Q6724952,Point(-79.745 36.166667),2002-01-01T00:00:00Z,http://www.wikidata.org/entity/Q30,,-79.745,36.166667
261,http://www.wikidata.org/entity/Q4810957,Point(-2.800494 36.764189),2001-01-01T00:00:00Z,http://www.wikidata.org/entity/Q29,,-2.800494,36.764189
262,http://www.wikidata.org/entity/Q6271952,Point(24.545833 46.549722),2007-01-01T00:00:00Z,http://www.wikidata.org/entity/Q218,,24.545833,46.549722
263,http://www.wikidata.org/entity/Q11652463,Point(129.861207 32.77508),1997-11-03T00:00:00Z,http://www.wikidata.org/entity/Q17,,129.861207,32.77508
264,http://www.wikidata.org/entity/Q22073673,Point(-82.374 36.299),2017-09-02T00:00:00Z,http://www.wikidata.org/entity/Q30,,-82.374,36.299
265,http://www.wikidata.org/entity/Q20717546,Point(-82.36944444 36.32555556),2010-01-01T00:00:00Z,http://www.wikidata.org/entity/Q30,,-82.36944444,36.32555556
266,http://www.wikidata.org/entity/Q19885402,Point(113.1008 25.7975),2010-01-01T00:00:00Z,http://www.wikidata.org/entity/Q148,,113.1008,25.7975
267,http://www.wikidata.org/entity/Q26253987,Point(30.008333333 49.985833333),2014-01-01T00:00:00Z,http://www.wikidata.org/entity/Q212,,30.008333333,49.985833333
268,http://www.wikidata.org/entity/Q30621980,Point(29.03036111 41.15635278),2002-01-01T00:00:00Z,http://www.wikidata.org/entity/Q43,,29.03036111,41.15635278
269,http://www.wikidata.org/entity/Q30621953,Point(29.08864167 40.99266667),2008-01-01T00:00:00Z,http://www.wikidata.org/entity/Q43,,29.08864167,40.99266667
270,http://www.wikidata.org/entity/Q28154270,Point(140.03344444 39.39897222),2018-10-01T00:00:00Z,http://www.wikidata.org/entity/Q17,,140.03344444,39.39897222
271,http://www.wikidata.org/entity/Q24895377,Point(19.824075 41.318314),2016-01-01T00:00:00Z,http://www.wikidata.org/entity/Q222,,19.824075,41.318314
272,http://www.wikidata.org/entity/Q39069592,Point(19.098194444 47.503083333),2017-01-01T00:00:00Z,http://www.wikidata.org/entity/Q28,,19.098194444,47.503083333
273,http://www.wikidata.org/entity/Q21152184,Point(6.97138889 4.9675),2015-01-01T00:00:00Z,http://www.wikidata.org/entity/Q1033,,6.97138889,4.9675
274,http://www.wikidata.org/entity/Q39049589,Point(14.475277777 35.923888888),2006-05-01T00:00:00Z,http://www.wikidata.org/entity/Q233,,14.475277777,35.923888888
275,http://www.wikidata.org/entity/Q20648750,Point(104.89438 11.604732),2015-01-01T00:00:00Z,http://www.wikidata.org/entity/Q424,,104.89438,11.604732
276,http://www.wikidata.org/entity/Q25208720,Point(26.25986111 44.53305556),2000-01-01T00:00:00Z,http://www.wikidata.org/entity/Q218,,26.25986111,44.53305556
277,http://www.wikidata.org/entity/Q19885397,Point(113.1367 40.9876),2009-01-01T00:00:00Z,http://www.wikidata.org/entity/Q148,,113.1367,40.9876
278,http://www.wikidata.org/entity/Q20548077,Point(-8.7557 42.226791666),2001-01-01T00:00:00Z,http://www.wikidata.org/entity/Q29,,-8.7557,42.226791666
279,http://www.wikidata.org/entity/Q1439429,Point(7.085238 61.231983),2006-07-07T00:00:00Z,http://www.wikidata.org/entity/Q20,,7.085238,61.231983
280,http://www.wikidata.org/entity/Q2326106,Point(15.97159445 45.77120129),2000-01-01T00:00:00Z,http://www.wikidata.org/entity/Q224,,15.97159445,45.77120129
281,http://www.wikidata.org/entity/Q1578430,Point(-7.980556 31.706667),2003-09-01T00:00:00Z,http://www.wikidata.org/entity/Q1028,,-7.980556,31.706667
282,http://www.wikidata.org/entity/Q1711881,Point(153.378889 -28.066944),2008-01-01T00:00:00Z,http://www.wikidata.org/entity/Q408,,153.378889,-28.066944
283,http://www.wikidata.org/entity/Q1486345,Point(18.531214 54.493136),2011-01-01T00:00:00Z,http://www.wikidata.org/entity/Q36,,18.531214,54.493136
284,http://www.wikidata.org/entity/Q3462866,Point(34.53861111 36.82055556),2013-06-20T00:00:00Z,http://www.wikidata.org/entity/Q43,,34.53861111,36.82055556
285,http://www.wikidata.org/entity/Q3392844,Point(13.762583333 42.682527777),2008-01-01T00:00:00Z,http://www.wikidata.org/entity/Q38,,13.762583333,42.682527777
286,http://www.wikidata.org/entity/Q1568249,Point(2.263312 49.894209),1999-07-24T00:00:00Z,http://www.wikidata.org/entity/Q142,,2.263312,49.894209
287,http://www.wikidata.org/entity/Q1369163,Point(-57.989028 -34.91375),2003-06-07T00:00:00Z,http://www.wikidata.org/entity/Q414,,-57.989028,-34.91375
288,http://www.wikidata.org/entity/Q1951620,Point(32.56833333 29.9625),2009-01-01T00:00:00Z,http://www.wikidata.org/entity/Q79,,32.56833333,29.9625
289,http://www.wikidata.org/entity/Q1397226,Point(12.353289 55.815847),1999-01-01T00:00:00Z,http://www.wikidata.org/entity/Q35,,12.353289,55.815847
290,http://www.wikidata.org/entity/Q1765909,Point(-77.629352777 43.162213888),2004-07-09T00:00:00Z,http://www.wikidata.org/entity/Q30,,-77.629352777,43.162213888
291,http://www.wikidata.org/entity/Q1309785,Point(-3.522872 55.886167),1995-01-01T00:00:00Z,http://www.wikidata.org/entity/Q145,,-3.522872,55.886167
292,http://www.wikidata.org/entity/Q1139227,Point(24.9225 60.1875),2000-01-01T00:00:00Z,http://www.wikidata.org/entity/Q33,,24.9225,60.1875
293,http://www.wikidata.org/entity/Q2132300,Point(4.75028 51.5956),1996-07-01T00:00:00Z,http://www.wikidata.org/entity/Q55,,4.75028,51.5956
294,http://www.wikidata.org/entity/Q1233005,Point(35.032472 48.460333),2008-09-14T00:00:00Z,http://www.wikidata.org/entity/Q212,,35.032472,48.460333
295,http://www.wikidata.org/entity/Q1144973,Point(-0.733333 52.009444),2005-08-01T00:00:00Z,http://www.wikidata.org/entity/Q145,,-0.733333,52.009444
296,http://www.wikidata.org/entity/Q3107495,Point(-5.858105 35.741211),2011-04-26T00:00:00Z,http://www.wikidata.org/entity/Q1028,,-5.858105,35.741211
297,http://www.wikidata.org/entity/Q1369691,Point(-68.527479 -31.611946),2011-01-01T00:00:00Z,http://www.wikidata.org/entity/Q414,,-68.527479,-31.611946
298,http://www.wikidata.org/entity/Q1369536,Point(-5.870222 43.360783),2000-09-20T00:00:00Z,http://www.wikidata.org/entity/Q29,,-5.870222,43.360783
299,http://www.wikidata.org/entity/Q1190634,Point(37.435556 55.8175),2007-01-01T00:00:00Z,http://www.wikidata.org/entity/Q159,,37.435556,55.8175
300,http://www.wikidata.org/entity/Q2132300,Point(4.750278 51.595556),1996-07-01T00:00:00Z,http://www.wikidata.org/entity/Q55,,4.750278,51.595556
301,http://www.wikidata.org/entity/Q2299298,Point(5.740099 45.187428),2005-02-15T00:00:00Z,http://www.wikidata.org/entity/Q142,,5.740099,45.187428
302,http://www.wikidata.org/entity/Q1366106,Point(130.460625 33.585888),1995-01-01T00:00:00Z,http://www.wikidata.org/entity/Q17,,130.460625,33.585888
303,http://www.wikidata.org/entity/Q2918693,Point(33.987222 35.030833),1996-01-01T00:00:00Z,http://www.wikidata.org/entity/Q229,,33.987222,35.030833
304,http://www.wikidata.org/entity/Q2706196,Point(-116.993092 32.506067),2006-01-01T00:00:00Z,http://www.wikidata.org/entity/Q96,,-116.993092,32.506067
305,http://www.wikidata.org/entity/Q1638795,Point(106.916111 47.9),2002-01-01T00:00:00Z,http://www.wikidata.org/entity/Q711,,106.916111,47.9
306,http://www.wikidata.org/entity/Q1479283,Point(-4.968851 34.00283),2007-11-25T00:00:00Z,http://www.wikidata.org/entity/Q1028,,-4.968851,34.00283
307,http://www.wikidata.org/entity/Q1369314,Point(-2.453333 42.453333),2002-02-28T00:00:00Z,http://www.wikidata.org/entity/Q29,,-2.453333,42.453333
308,http://www.wikidata.org/entity/Q1569222,Point(5.843611 50.991944),1999-01-01T00:00:00Z,http://www.wikidata.org/entity/Q55,,5.843611,50.991944
309,http://www.wikidata.org/entity/Q2113897,Point(170.524444 -45.869167),2009-01-01T00:00:00Z,http://www.wikidata.org/entity/Q664,,170.524444,-45.869167
310,http://www.wikidata.org/entity/Q1171030,Point(-66.150833 18.393333),2003-01-01T00:00:00Z,http://www.wikidata.org/entity/Q30,,-66.150833,18.393333
311,http://www.wikidata.org/entity/Q1417248,Point(5.730442 58.914611),2004-01-01T00:00:00Z,http://www.wikidata.org/entity/Q20,,5.730442,58.914611
312,http://www.wikidata.org/entity/Q1538773,Point(15.635278 38.092778),1999-01-01T00:00:00Z,http://www.wikidata.org/entity/Q38,,15.635278,38.092778
313,http://www.wikidata.org/entity/Q1664710,Point(-0.775014 52.0377),1995-01-01T00:00:00Z,http://www.wikidata.org/entity/Q145,,-0.775014,52.0377
314,http://www.wikidata.org/entity/Q3495789,Point(2.846667 36.490278),2001-02-26T00:00:00Z,http://www.wikidata.org/entity/Q262,,2.846667,36.490278
315,http://www.wikidata.org/entity/Q1988779,Point(15.6531 48.2209),2012-01-01T00:00:00Z,http://www.wikidata.org/entity/Q40,,15.6531,48.2209
316,http://www.wikidata.org/entity/Q2042146,Point(30.5075 50.527055555),2002-07-01T00:00:00Z,http://www.wikidata.org/entity/Q212,,30.5075,50.527055555
317,http://www.wikidata.org/entity/Q1752309,Point(175.268333 -37.781111),2000-01-01T00:00:00Z,http://www.wikidata.org/entity/Q664,,175.268333,-37.781111
318,http://www.wikidata.org/entity/Q1415013,Point(16.848611 46.848611),2002-01-01T00:00:00Z,http://www.wikidata.org/entity/Q28,,16.848611,46.848611
319,http://www.wikidata.org/entity/Q2608102,Point(37.516111 55.791389),2016-09-10T00:00:00Z,http://www.wikidata.org/entity/Q159,,37.516111,55.791389
320,http://www.wikidata.org/entity/Q1557426,Point(8.95166667 56.11666667),2004-03-27T00:00:00Z,http://www.wikidata.org/entity/Q35,,8.95166667,56.11666667
321,http://www.wikidata.org/entity/Q1362236,Point(-46.474 -23.545555555),2011-05-30T00:00:00Z,http://www.wikidata.org/entity/Q155,,-46.474,-23.545555555
322,http://www.wikidata.org/entity/Q1928668,Point(25.106111111 35.336666666),2004-08-11T00:00:00Z,http://www.wikidata.org/entity/Q41,,25.106111111,35.336666666
323,http://www.wikidata.org/entity/Q2040184,Point(30.525278 50.429028),2005-01-01T00:00:00Z,http://www.wikidata.org/entity/Q212,,30.525278,50.429028
324,http://www.wikidata.org/entity/Q2002170,Point(20.624722 50.861389),2006-01-01T00:00:00Z,http://www.wikidata.org/entity/Q36,,20.624722,50.861389
325,http://www.wikidata.org/entity/Q917998,Point(144.9475 -37.816388888),1997-10-01T00:00:00Z,http://www.wikidata.org/entity/Q408,,144.9475,-37.816388888
326,http://www.wikidata.org/entity/Q630160,Point(-0.367777777 53.746111111),2002-01-01T00:00:00Z,http://www.wikidata.org/entity/Q145,,-0.367777777,53.746111111
327,http://www.wikidata.org/entity/Q128468,Point(-0.279444 51.555556),2002-09-30T00:00:00Z,http://www.wikidata.org/entity/Q145,,-0.279444,51.555556
328,http://www.wikidata.org/entity/Q190797,Point(30.755556 46.480556),2011-01-01T00:00:00Z,http://www.wikidata.org/entity/Q212,,30.755556,46.480556
329,http://www.wikidata.org/entity/Q221122,Point(28.765702777 41.074472222),2002-01-01T00:00:00Z,http://www.wikidata.org/entity/Q43,,28.765702777,41.074472222
330,http://www.wikidata.org/entity/Q820791,Point(8.798611 50.094444),2011-01-01T00:00:00Z,http://www.wikidata.org/entity/Q183,,8.798611,50.094444
331,http://www.wikidata.org/entity/Q33993,Point(49.161 55.821),2013-07-01T00:00:00Z,http://www.wikidata.org/entity/Q159,,49.161,55.821
332,http://www.wikidata.org/entity/Q1348677,Point(174.785833333 -41.273055555),1998-03-12T00:00:00Z,http://www.wikidata.org/entity/Q664,,174.785833333,-41.273055555
333,http://www.wikidata.org/entity/Q727389,Point(6.8375 52.236666666),1998-01-01T00:00:00Z,http://www.wikidata.org/entity/Q55,,6.8375,52.236666666
334,http://www.wikidata.org/entity/Q665434,Point(-97.515 35.463333),2002-01-01T00:00:00Z,http://www.wikidata.org/entity/Q30,,-97.515,35.463333
335,http://www.wikidata.org/entity/Q388470,Point(38.806672 37.147832),2009-01-01T00:00:00Z,http://www.wikidata.org/entity/Q43,,38.806672,37.147832
336,http://www.wikidata.org/entity/Q301760,Point(4.694167 50.868333),2002-01-01T00:00:00Z,http://www.wikidata.org/entity/Q31,,4.694167,50.868333
337,http://www.wikidata.org/entity/Q543404,Point(14.521389 46.081111),2010-01-01T00:00:00Z,http://www.wikidata.org/entity/Q215,,14.521389,46.081111
338,http://www.wikidata.org/entity/Q770946,Point(-1.144722 38.042222),2006-10-11T00:00:00Z,http://www.wikidata.org/entity/Q29,,-1.144722,38.042222
339,http://www.wikidata.org/entity/Q580480,Point(-3.9351 51.6422),2003-01-01T00:00:00Z,http://www.wikidata.org/entity/Q145,,-3.9351,51.6422
340,http://www.wikidata.org/entity/Q482591,Point(137.970503 34.743222),2001-03-01T00:00:00Z,http://www.wikidata.org/entity/Q17,,137.970503,34.743222
341,http://www.wikidata.org/entity/Q867902,Point(-3.203056 51.472778),2007-01-01T00:00:00Z,http://www.wikidata.org/entity/Q145,,-3.203056,51.472778
342,http://www.wikidata.org/entity/Q635363,Point(101.691166666 3.054666666),1995-01-01T00:00:00Z,http://www.wikidata.org/entity/Q833,,101.691166666,3.054666666
343,http://www.wikidata.org/entity/Q641455,Point(15.270278 46.246667),2003-01-01T00:00:00Z,http://www.wikidata.org/entity/Q215,,15.270278,46.246667
344,http://www.wikidata.org/entity/Q239295,Point(28.866944 46.980278),2006-01-01T00:00:00Z,http://www.wikidata.org/entity/Q217,,28.866944,46.980278
345,http://www.wikidata.org/entity/Q48159,Point(-2.200277777 53.483055555),1999-12-12T00:00:00Z,http://www.wikidata.org/entity/Q145,,-2.200277777,53.483055555
346,http://www.wikidata.org/entity/Q412824,Point(139.527139 35.664278),2000-10-11T00:00:00Z,http://www.wikidata.org/entity/Q17,,139.527139,35.664278
347,http://www.wikidata.org/entity/Q65091153,Point(151.225277777 -33.889166666),2020-08-05T00:00:00Z,http://www.wikidata.org/entity/Q408,,151.225277777,-33.889166666
348,http://www.wikidata.org/entity/Q562072,Point(127.06448 35.868071),2001-11-08T00:00:00Z,http://www.wikidata.org/entity/Q884,,127.06448,35.868071
349,http://www.wikidata.org/entity/Q155351,Point(6.733083 51.261539),2004-01-01T00:00:00Z,http://www.wikidata.org/entity/Q183,,6.733083,51.261539
350,http://www.wikidata.org/entity/Q187087,Point(30.929777777 -25.461888888),2007-02-01T00:00:00Z,http://www.wikidata.org/entity/Q258,,30.929777777,-25.461888888
351,http://www.wikidata.org/entity/Q966081,Point(151.338056 -33.428333),1999-01-01T00:00:00Z,http://www.wikidata.org/entity/Q408,,151.338056,-33.428333
352,http://www.wikidata.org/entity/Q172190,Point(-0.016388888 51.538611111),2009-05-22T00:00:00Z,http://www.wikidata.org/entity/Q145,,-0.016388888,51.538611111
353,http://www.wikidata.org/entity/Q173559,Point(18.408611 -33.905556),2007-03-26T00:00:00Z,http://www.wikidata.org/entity/Q258,,18.408611,-33.905556
354,http://www.wikidata.org/entity/Q720978,Point(4.383056 52.062778),2007-07-28T00:00:00Z,http://www.wikidata.org/entity/Q55,,4.383056,52.062778
355,http://www.wikidata.org/entity/Q64858,Point(14.471389 50.066944),2008-01-01T00:00:00Z,http://www.wikidata.org/entity/Q213,,14.471389,50.066944
356,http://www.wikidata.org/entity/Q595937,Point(37.741169 55.80355),2002-01-01T00:00:00Z,http://www.wikidata.org/entity/Q159,,37.741169,55.80355
357,http://www.wikidata.org/entity/Q295886,Point(151.063333333 -33.847222222),1996-09-01T00:00:00Z,http://www.wikidata.org/entity/Q408,,151.063333333,-33.847222222
358,http://www.wikidata.org/entity/Q870106,Point(6.944 46.9952),2007-04-18T00:00:00Z,http://www.wikidata.org/entity/Q39,,6.944,46.9952
359,http://www.wikidata.org/entity/Q494766,Point(135.168888888 34.656666666),2001-01-01T00:00:00Z,http://www.wikidata.org/entity/Q17,,135.168888888,34.656666666
360,http://www.wikidata.org/entity/Q1475155,Point(37.5597 55.7914),2018-11-01T00:00:00Z,http://www.wikidata.org/entity/Q159,,37.5597,55.7914
361,http://www.wikidata.org/entity/Q179693,Point(21.045556 52.239444),2011-11-29T00:00:00Z,http://www.wikidata.org/entity/Q36,,21.045556,52.239444
362,http://www.wikidata.org/entity/Q127429,Point(11.624752777 48.218775),2005-01-01T00:00:00Z,http://www.wikidata.org/entity/Q183,,11.624752777,48.218775
363,http://www.wikidata.org/entity/Q835749,Point(8.256667 50.071111),2007-01-01T00:00:00Z,http://www.wikidata.org/entity/Q183,,8.256667,50.071111
364,http://www.wikidata.org/entity/Q777466,Point(6.1875 62.46944444),2005-04-16T00:00:00Z,http://www.wikidata.org/entity/Q20,,6.1875,62.46944444
365,http://www.wikidata.org/entity/Q1410402,Point(3.130556 50.611944),2009-07-01T00:00:00Z,http://www.wikidata.org/entity/Q142,,3.130556,50.611944
366,http://www.wikidata.org/entity/Q508612,Point(174.701667 -36.726944),1995-01-01T00:00:00Z,http://www.wikidata.org/entity/Q664,,174.701667,-36.726944
367,http://www.wikidata.org/entity/Q4770503,Point(126.818766 37.319314),2006-01-01T00:00:00Z,http://www.wikidata.org/entity/Q884,,126.818766,37.319314
368,http://www.wikidata.org/entity/Q2518686,Point(117.0075 -0.425),2008-06-18T00:00:00Z,http://www.wikidata.org/entity/Q252,,117.0075,-0.425
369,http://www.wikidata.org/entity/Q127372,Point(7.192583333 43.705138888),2011-08-06T00:00:00Z,http://www.wikidata.org/entity/Q142,,7.192583333,43.705138888
370,http://www.wikidata.org/entity/Q850225,Point(39.273811 -6.8535),2007-01-01T00:00:00Z,http://www.wikidata.org/entity/Q924,,39.273811,-6.8535
371,http://www.wikidata.org/entity/Q340551,Point(45.74525278 43.32317778),2011-05-11T00:00:00Z,http://www.wikidata.org/entity/Q159,,45.74525278,43.32317778
372,http://www.wikidata.org/entity/Q2024846,Point(100.790833 13.801944),1999-01-01T00:00:00Z,http://www.wikidata.org/entity/Q869,,100.790833,13.801944
373,http://www.wikidata.org/entity/Q557578,Point(29.7233 30.9976),2007-01-01T00:00:00Z,http://www.wikidata.org/entity/Q79,,29.7233,30.9976
374,http://www.wikidata.org/entity/Q54793,Point(-76.417036 3.521642),2010-01-01T00:00:00Z,http://www.wikidata.org/entity/Q739,,-76.417036,3.521642
375,http://www.wikidata.org/entity/Q204496,Point(-3.1825 51.478055555),1997-01-01T00:00:00Z,http://www.wikidata.org/entity/Q145,,-3.1825,51.478055555
376,http://www.wikidata.org/entity/Q613227,Point(137.170833333 35.084444444),2000-09-25T00:00:00Z,http://www.wikidata.org/entity/Q17,,137.170833333,35.084444444
377,http://www.wikidata.org/entity/Q252481,Point(-0.563333 44.896944),2012-01-01T00:00:00Z,http://www.wikidata.org/entity/Q142,,-0.563333,44.896944
378,http://www.wikidata.org/entity/Q840546,Point(100.622167 13.755417),1998-01-01T00:00:00Z,http://www.wikidata.org/entity/Q869,,100.622167,13.755417
379,http://www.wikidata.org/entity/Q842077,Point(-1.495556 52.448056),2005-01-01T00:00:00Z,http://www.wikidata.org/entity/Q145,,-1.495556,52.448056
380,http://www.wikidata.org/entity/Q430815,Point(31.435 30.1745),2009-01-01T00:00:00Z,http://www.wikidata.org/entity/Q79,,31.435,30.1745
381,http://www.wikidata.org/entity/Q278923,Point(24.73205 59.421292),2001-01-01T00:00:00Z,http://www.wikidata.org/entity/Q191,,24.73205,59.421292
382,http://www.wikidata.org/entity/Q175289,Point(31.0303 -29.829),2009-01-01T00:00:00Z,http://www.wikidata.org/entity/Q258,,31.0303,-29.829
383,http://www.wikidata.org/entity/Q612486,Point(45.192175 54.17583611),2004-01-01T00:00:00Z,http://www.wikidata.org/entity/Q159,,45.192175,54.17583611
384,http://www.wikidata.org/entity/Q553311,Point(104.7892 -3.0214),2004-01-01T00:00:00Z,http://www.wikidata.org/entity/Q252,,104.7892,-3.0214
385,http://www.wikidata.org/entity/Q244402,Point(-6.228253 53.334956),2007-05-18T00:00:00Z,http://www.wikidata.org/entity/Q27,,-6.228253,53.334956
386,http://www.wikidata.org/entity/Q280878,Point(24.949372 41.121344),2003-01-01T00:00:00Z,http://www.wikidata.org/entity/Q41,,24.949372,41.121344
387,http://www.wikidata.org/entity/Q276163,Point(2.63 39.59),1999-01-01T00:00:00Z,http://www.wikidata.org/entity/Q29,,2.63,39.59
388,http://www.wikidata.org/entity/Q619043,Point(-0.172381 51.393231),2002-01-01T00:00:00Z,http://www.wikidata.org/entity/Q145,,-0.172381,51.393231
389,http://www.wikidata.org/entity/Q150961,Point(7.067588888 51.554502777),2001-01-01T00:00:00Z,http://www.wikidata.org/entity/Q183,,7.067588888,51.554502777
390,http://www.wikidata.org/entity/Q696491,Point(15.454444 47.046111),1997-01-01T00:00:00Z,http://www.wikidata.org/entity/Q40,,15.454444,47.046111
391,http://www.wikidata.org/entity/Q328551,Point(-56.2025 -34.724444444),2002-01-01T00:00:00Z,http://www.wikidata.org/entity/Q77,,-56.2025,-34.724444444
392,http://www.wikidata.org/entity/Q685570,Point(6.778639 51.409028),2003-01-01T00:00:00Z,http://www.wikidata.org/entity/Q183,,6.778639,51.409028
393,http://www.wikidata.org/entity/Q857795,Point(1.487667 42.476389),1999-01-01T00:00:00Z,http://www.wikidata.org/entity/Q228,,1.487667,42.476389
394,http://www.wikidata.org/entity/Q62149,Point(7.641247 45.109594),2009-01-01T00:00:00Z,http://www.wikidata.org/entity/Q38,,7.641247,45.109594
395,http://www.wikidata.org/entity/Q175477,Point(126.897361111 37.568222222),2001-01-01T00:00:00Z,http://www.wikidata.org/entity/Q884,,126.897361111,37.568222222
396,http://www.wikidata.org/entity/Q473032,Point(11.670833 52.125556),2006-01-01T00:00:00Z,http://www.wikidata.org/entity/Q183,,11.670833,52.125556
397,http://www.wikidata.org/entity/Q144100,Point(15.520833 38.161389),2004-08-17T00:00:00Z,http://www.wikidata.org/entity/Q38,,15.520833,38.161389
398,http://www.wikidata.org/entity/Q335765,Point(7.453389 9.037917),2003-01-01T00:00:00Z,http://www.wikidata.org/entity/Q1033,,7.453389,9.037917
399,http://www.wikidata.org/entity/Q291590,Point(4.741667 52.6125),2006-08-04T00:00:00Z,http://www.wikidata.org/entity/Q55,,4.741667,52.6125
400,http://www.wikidata.org/entity/Q8507,Point(4.982131 45.765224),2012-10-22T00:00:00Z,http://www.wikidata.org/entity/Q142,,4.982131,45.765224
401,http://www.wikidata.org/entity/Q620031,Point(-1.142222222 52.620277777),2001-07-01T00:00:00Z,http://www.wikidata.org/entity/Q145,,-1.142222222,52.620277777
402,http://www.wikidata.org/entity/Q732509,Point(8.028611 58.153611),2007-01-01T00:00:00Z,http://www.wikidata.org/entity/Q20,,8.028611,58.153611
403,http://www.wikidata.org/entity/Q594230,Point(19.0982 47.503094),2011-01-01T00:00:00Z,http://www.wikidata.org/entity/Q28,,19.0982,47.503094
404,http://www.wikidata.org/entity/Q2612138,Point(49.91979 40.429766),2015-05-06T00:00:00Z,http://www.wikidata.org/entity/Q227,,49.91979,40.429766
405,http://www.wikidata.org/entity/Q179972,Point(-86.83842222 21.15095),2007-01-01T00:00:00Z,http://www.wikidata.org/entity/Q96,,-86.83842222,21.15095
406,http://www.wikidata.org/entity/Q292010,Point(9.306389 47.408333),2008-01-01T00:00:00Z,http://www.wikidata.org/entity/Q39,,9.306389,47.408333
407,http://www.wikidata.org/entity/Q592491,Point(33.362864 35.114542),1999-01-01T00:00:00Z,http://www.wikidata.org/entity/Q229,,33.362864,35.114542
408,http://www.wikidata.org/entity/Q482446,Point(139.717492 35.903142),2001-07-31T00:00:00Z,http://www.wikidata.org/entity/Q17,,139.717492,35.903142
409,http://www.wikidata.org/entity/Q129870,Point(8.888278 49.239),2009-01-01T00:00:00Z,http://www.wikidata.org/entity/Q183,,8.888278,49.239
410,http://www.wikidata.org/entity/Q417367,Point(7.148611111 62.733888888),1998-04-18T00:00:00Z,http://www.wikidata.org/entity/Q20,,7.148611111,62.733888888
411,http://www.wikidata.org/entity/Q190010,Point(7.62 47.541389),2001-03-15T00:00:00Z,http://www.wikidata.org/entity/Q39,,7.62,47.541389
412,http://www.wikidata.org/entity/Q619409,Point(-0.083277777 50.861822222),2008-01-01T00:00:00Z,http://www.wikidata.org/entity/Q145,,-0.083277777,50.861822222
413,http://www.wikidata.org/entity/Q482601,Point(129.259444444 35.535277777),2001-04-28T00:00:00Z,http://www.wikidata.org/entity/Q884,,129.259444444,35.535277777
414,http://www.wikidata.org/entity/Q609115,Point(-0.194767 51.099706),1997-01-01T00:00:00Z,http://www.wikidata.org/entity/Q145,,-0.194767,51.099706
415,http://www.wikidata.org/entity/Q74413,Point(23.572222 46.768333),2009-01-01T00:00:00Z,http://www.wikidata.org/entity/Q218,,23.572222,46.768333
416,http://www.wikidata.org/entity/Q4347394,Point(98.959444 18.839722),1995-01-01T00:00:00Z,http://www.wikidata.org/entity/Q869,,98.959444,18.839722
417,http://www.wikidata.org/entity/Q5513053,Point(-112.129 33.509),2011-09-01T00:00:00Z,http://www.wikidata.org/entity/Q30,,-112.129,33.509
418,http://www.wikidata.org/entity/Q279241,Point(3.32055556 46.57),2001-01-01T00:00:00Z,http://www.wikidata.org/entity/Q142,,3.32055556,46.57
419,http://www.wikidata.org/entity/Q338602,Point(26.1525 44.4372),2010-01-01T00:00:00Z,http://www.wikidata.org/entity/Q218,,26.1525,44.4372
420,http://www.wikidata.org/entity/Q494758,Point(126.874914 35.133727),2002-01-09T00:00:00Z,http://www.wikidata.org/entity/Q884,,126.874914,35.133727
421,http://www.wikidata.org/entity/Q1116314,Point(10.92732 59.213049),2007-02-01T00:00:00Z,http://www.wikidata.org/entity/Q20,,10.92732,59.213049
422,http://www.wikidata.org/entity/Q965566,Point(25.294444 54.668611),2004-01-01T00:00:00Z,http://www.wikidata.org/entity/Q37,,25.294444,54.668611
423,http://www.wikidata.org/entity/Q997619,Point(27.192777777 38.395),2009-01-01T00:00:00Z,http://www.wikidata.org/entity/Q43,,27.192777777,38.395
424,http://www.wikidata.org/entity/Q1130652,Point(10.17969 59.13725),2007-07-21T00:00:00Z,http://www.wikidata.org/entity/Q20,,10.17969,59.13725
425,http://www.wikidata.org/entity/Q1122869,Point(9.39413 48.9799),2011-08-16T00:00:00Z,http://www.wikidata.org/entity/Q183,,9.39413,48.9799
426,http://www.wikidata.org/entity/Q925728,Point(-100.950864 22.138706),2002-01-01T00:00:00Z,http://www.wikidata.org/entity/Q96,,-100.950864,22.138706
427,http://www.wikidata.org/entity/Q1094390,Point(-3.8999 40.5232),2003-01-01T00:00:00Z,http://www.wikidata.org/entity/Q29,,-3.8999,40.5232
428,http://www.wikidata.org/entity/Q7923654,Point(-91.686447 41.967999),2002-01-01T00:00:00Z,http://www.wikidata.org/entity/Q30,,-91.686447,41.967999
429,http://www.wikidata.org/entity/Q4873533,Point(-94.182594 36.050314),1996-04-13T00:00:00Z,http://www.wikidata.org/entity/Q30,,-94.182594,36.050314
430,http://www.wikidata.org/entity/Q7010105,Point(-111.865381 33.435411),2014-02-12T00:00:00Z,http://www.wikidata.org/entity/Q30,,-111.865381,33.435411
431,http://www.wikidata.org/entity/Q5623304,Point(126.889 35.1683),2014-01-01T00:00:00Z,http://www.wikidata.org/entity/Q884,,126.889,35.1683
432,http://www.wikidata.org/entity/Q16511659,Point(3.2048 50.6799),2012-09-01T00:00:00Z,http://www.wikidata.org/entity/Q142,,3.2048,50.6799
433,http://www.wikidata.org/entity/Q55420773,Point(34.601166666 31.52875),2018-01-01T00:00:00Z,http://www.wikidata.org/entity/Q801,,34.601166666,31.52875
434,http://www.wikidata.org/entity/Q14849953,Point(128.682 35.8411),2016-01-01T00:00:00Z,http://www.wikidata.org/entity/Q884,,128.682,35.8411
435,http://www.wikidata.org/entity/Q54959125,Point(-118.45332011 34.0761534),1997-01-01T00:00:00Z,http://www.wikidata.org/entity/Q30,,-118.45332011,34.0761534
436,http://www.wikidata.org/entity/Q28225961,Point(-96.8281 33.1105),2016-01-01T00:00:00Z,http://www.wikidata.org/entity/Q30,,-96.8281,33.1105
437,http://www.wikidata.org/entity/Q3110740,Point(-112.39 33.4292),2009-02-21T00:00:00Z,http://www.wikidata.org/entity/Q30,,-112.39,33.4292
438,http://www.wikidata.org/entity/Q2048142,Point(2.64306944 39.58812778),2007-03-02T00:00:00Z,http://www.wikidata.org/entity/Q29,,2.64306944,39.58812778
439,http://www.wikidata.org/entity/Q3564099,Point(-61.5941 16.2493),2012-01-01T00:00:00Z,http://www.wikidata.org/entity/Q142,,-61.5941,16.2493
440,http://www.wikidata.org/entity/Q6781782,Point(-112.173056 33.492222),1998-01-01T00:00:00Z,http://www.wikidata.org/entity/Q30,,-112.173056,33.492222
441,http://www.wikidata.org/entity/Q10957376,Point(114.262115 22.313128),2010-01-01T00:00:00Z,http://www.wikidata.org/entity/Q148,,114.262115,22.313128
442,http://www.wikidata.org/entity/Q3564114,Point(-2.77361 47.6712),2001-01-01T00:00:00Z,http://www.wikidata.org/entity/Q142,,-2.77361,47.6712
443,http://www.wikidata.org/entity/Q10855359,Point(126.86666667 37.49833333),2015-01-01T00:00:00Z,http://www.wikidata.org/entity/Q884,,126.86666667,37.49833333
444,http://www.wikidata.org/entity/Q7571588,Point(-76.729167 39.9675),2007-06-15T00:00:00Z,http://www.wikidata.org/entity/Q30,,-76.729167,39.9675
445,http://www.wikidata.org/entity/Q517545,Point(-77.0075 38.872778),2006-01-01T00:00:00Z,http://www.wikidata.org/entity/Q30,,-77.0075,38.872778
446,http://www.wikidata.org/entity/Q86190667,Point(-0.42002 51.407071),2013-01-01T00:00:00Z,http://www.wikidata.org/entity/Q145,,-0.42002,51.407071
447,http://www.wikidata.org/entity/Q7646611,Point(-112.377778 33.627778),2003-01-01T00:00:00Z,http://www.wikidata.org/entity/Q30,,-112.377778,33.627778
448,http://www.wikidata.org/entity/Q55074091,Point(-0.066388888 51.604444444),2019-01-01T00:00:00Z,http://www.wikidata.org/entity/Q145,,-0.066388888,51.604444444
449,http://www.wikidata.org/entity/Q7822509,Point(-117.078283 32.774486),1997-01-01T00:00:00Z,http://www.wikidata.org/entity/Q30,,-117.078283,32.774486
450,http://www.wikidata.org/entity/Q7491189,Point(-97.133305555 49.893805555),1998-01-01T00:00:00Z,http://www.wikidata.org/entity/Q16,,-97.133305555,49.893805555
451,http://www.wikidata.org/entity/Q7498828,Point(-77.1505 39.0311),1998-12-18T00:00:00Z,http://www.wikidata.org/entity/Q30,,-77.1505,39.0311
452,http://www.wikidata.org/entity/Q105376498,Point(10.6184 59.9173),2014-01-01T00:00:00Z,http://www.wikidata.org/entity/Q20,,10.6184,59.9173
453,http://www.wikidata.org/entity/Q4946155,Point(27.212583333 38.468),2010-01-01T00:00:00Z,http://www.wikidata.org/entity/Q43,,27.212583333,38.468
454,http://www.wikidata.org/entity/Q11981710,Point(12.225556 60.243056),2013-01-01T00:00:00Z,http://www.wikidata.org/entity/Q20,,12.225556,60.243056
455,http://www.wikidata.org/entity/Q69561390,Point(135.806111111 34.875),2019-01-01T00:00:00Z,http://www.wikidata.org/entity/Q17,,135.806111111,34.875
456,http://www.wikidata.org/entity/Q5205782,Point(5.6905 58.9534),2012-01-01T00:00:00Z,http://www.wikidata.org/entity/Q20,,5.6905,58.9534
457,http://www.wikidata.org/entity/Q19383251,Point(17.4117 68.4356),2020-01-01T00:00:00Z,http://www.wikidata.org/entity/Q20,,17.4117,68.4356
458,http://www.wikidata.org/entity/Q3495916,Point(3.849722 43.593056),2003-01-01T00:00:00Z,http://www.wikidata.org/entity/Q142,,3.849722,43.593056
459,http://www.wikidata.org/entity/Q11875973,Point(25.459443888 65.052221944),2000-01-01T00:00:00Z,http://www.wikidata.org/entity/Q33,,25.459443888,65.052221944
460,http://www.wikidata.org/entity/Q3752643,Point(-1.6292328 42.7964359),2000-01-01T00:00:00Z,http://www.wikidata.org/entity/Q29,,-1.6292328,42.7964359
461,http://www.wikidata.org/entity/Q28128237,Point(10.7838 59.9111),2020-01-01T00:00:00Z,http://www.wikidata.org/entity/Q20,,10.7838,59.9111
462,http://www.wikidata.org/entity/Q56300774,Point(6.601695 46.525578),2017-01-01T00:00:00Z,http://www.wikidata.org/entity/Q39,,6.601695,46.525578
463,http://www.wikidata.org/entity/Q105376527,Point(11.1892 60.1486),2014-01-01T00:00:00Z,http://www.wikidata.org/entity/Q20,,11.1892,60.1486
464,http://www.wikidata.org/entity/Q67637695,Point(13.81458 50.6401025),2019-01-01T00:00:00Z,http://www.wikidata.org/entity/Q213,,13.81458,50.6401025
465,http://www.wikidata.org/entity/Q19384130,Point(5.6397 58.6707),2007-01-01T00:00:00Z,http://www.wikidata.org/entity/Q20,,5.6397,58.6707
466,http://www.wikidata.org/entity/Q1186386,Point(-4.129167 51.679167),2003-01-01T00:00:00Z,http://www.wikidata.org/entity/Q145,,-4.129167,51.679167
467,http://www.wikidata.org/entity/Q42186073,Point(127.124 35.822),1996-01-01T00:00:00Z,http://www.wikidata.org/entity/Q884,,127.124,35.822
468,http://www.wikidata.org/entity/Q209893,Point(4.786111 52.378611),1997-01-01T00:00:00Z,http://www.wikidata.org/entity/Q29999,,4.786111,52.378611
469,http://www.wikidata.org/entity/Q105270367,Point(10.7088 59.9267),2020-01-01T00:00:00Z,http://www.wikidata.org/entity/Q20,,10.7088,59.9267
470,http://www.wikidata.org/entity/Q3496272,Point(10.333 44.825111111),2007-01-01T00:00:00Z,http://www.wikidata.org/entity/Q38,,10.333,44.825111111
471,http://www.wikidata.org/entity/Q5504842,Point(8.6681 49.3906),1996-01-01T00:00:00Z,http://www.wikidata.org/entity/Q183,,8.6681,49.3906
472,http://www.wikidata.org/entity/Q19375871,Point(5.2357 60.3623),2007-10-01T00:00:00Z,http://www.wikidata.org/entity/Q20,,5.2357,60.3623
473,http://www.wikidata.org/entity/Q42186214,Point(128.696 37.658),1998-01-01T00:00:00Z,http://www.wikidata.org/entity/Q884,,128.696,37.658
474,http://www.wikidata.org/entity/Q104787698,Point(25.522104 61.178555),2001-01-01T00:00:00Z,http://www.wikidata.org/entity/Q33,,25.522104,61.178555
475,http://www.wikidata.org/entity/Q66720896,Point(7.8905219 46.2930221),2019-01-01T00:00:00Z,http://www.wikidata.org/entity/Q39,,7.8905219,46.2930221
476,http://www.wikidata.org/entity/Q25212595,Point(42.685833333 42.241388888),2011-01-01T00:00:00Z,http://www.wikidata.org/entity/Q230,,42.685833333,42.241388888
477,http://www.wikidata.org/entity/Q30926415,Point(139.29247222 35.63986111),2014-10-01T00:00:00Z,http://www.wikidata.org/entity/Q17,,139.29247222,35.63986111
478,http://www.wikidata.org/entity/Q66720896,Point(7.89154 46.293088),2019-01-01T00:00:00Z,http://www.wikidata.org/entity/Q39,,7.89154,46.293088
479,http://www.wikidata.org/entity/Q7548232,Point(137.858 36.634),1997-08-01T00:00:00Z,http://www.wikidata.org/entity/Q17,,137.858,36.634
480,http://www.wikidata.org/entity/Q101996579,Point(-4.161833 36.793375),2011-02-28T00:00:00Z,http://www.wikidata.org/entity/Q29,,-4.161833,36.793375
481,http://www.wikidata.org/entity/Q101997994,Point(-0.830494 38.437472),2003-01-01T00:00:00Z,http://www.wikidata.org/entity/Q29,,-0.830494,38.437472
482,http://www.wikidata.org/entity/Q101997636,Point(-3.918475 41.260475),1999-07-09T00:00:00Z,http://www.wikidata.org/entity/Q29,,-3.918475,41.260475
483,http://www.wikidata.org/entity/Q101997225,Point(-3.031578 40.737981),2010-09-10T00:00:00Z,http://www.wikidata.org/entity/Q29,,-3.031578,40.737981
484,http://www.wikidata.org/entity/Q101998586,Point(-4.461517 40.260825),2006-01-01T00:00:00Z,http://www.wikidata.org/entity/Q29,,-4.461517,40.260825
485,http://www.wikidata.org/entity/Q101996423,Point(-6.89685 37.224472),2008-01-01T00:00:00Z,http://www.wikidata.org/entity/Q29,,-6.89685,37.224472
486,http://www.wikidata.org/entity/Q101998868,Point(-3.2972 40.299989),2006-09-09T00:00:00Z,http://www.wikidata.org/entity/Q29,,-3.2972,40.299989
487,http://www.wikidata.org/entity/Q77326294,Point(-3.500508333 36.741269444),2006-02-28T00:00:00Z,http://www.wikidata.org/entity/Q29,,-3.500508333,36.741269444
488,http://www.wikidata.org/entity/Q62092036,Point(-5.880722 38.958082),2011-04-17T00:00:00Z,http://www.wikidata.org/entity/Q29,,-5.880722,38.958082
489,http://www.wikidata.org/entity/Q1320435,Point(140.881944 38.319167),1997-06-01T00:00:00Z,http://www.wikidata.org/entity/Q17,,140.881944,38.319167
490,http://www.wikidata.org/entity/Q101996878,Point(-4.180892 38.706258),2010-09-18T00:00:00Z,http://www.wikidata.org/entity/Q29,,-4.180892,38.706258
491,http://www.wikidata.org/entity/Q7203692,Point(-2.437222 42.471389),2001-09-21T00:00:00Z,http://www.wikidata.org/entity/Q29,,-2.437222,42.471389
492,http://www.wikidata.org/entity/Q101997189,Point(-2.364692 39.843372),2013-08-11T00:00:00Z,http://www.wikidata.org/entity/Q29,,-2.364692,39.843372
493,http://www.wikidata.org/entity/Q17332559,Point(-3.1817 51.4505),2016-03-12T00:00:00Z,http://www.wikidata.org/entity/Q145,,-3.1817,51.4505
494,http://www.wikidata.org/entity/Q49271430,Point(-4.069734 40.497477),2002-01-01T00:00:00Z,http://www.wikidata.org/entity/Q29,,-4.069734,40.497477
495,http://www.wikidata.org/entity/Q101996896,Point(-3.881544 38.967094),2002-05-04T00:00:00Z,http://www.wikidata.org/entity/Q29,,-3.881544,38.967094
496,http://www.wikidata.org/entity/Q24023658,Point(-3.846831 40.137517),1997-01-01T00:00:00Z,http://www.wikidata.org/entity/Q29,,-3.846831,40.137517
497,http://www.wikidata.org/entity/Q24021156,Point(-4.51399 36.62149),2003-09-04T00:00:00Z,http://www.wikidata.org/entity/Q29,,-4.51399,36.62149
498,http://www.wikidata.org/entity/Q101997827,Point(-5.500306 41.233972),2000-01-01T00:00:00Z,http://www.wikidata.org/entity/Q29,,-5.500306,41.233972
499,http://www.wikidata.org/entity/Q101996616,Point(-6.138669 37.378317),2005-03-19T00:00:00Z,http://www.wikidata.org/entity/Q29,,-6.138669,37.378317
500,http://www.wikidata.org/entity/Q52784386,Point(-3.866013888 40.340763888),1995-01-01T00:00:00Z,http://www.wikidata.org/entity/Q29,,-3.866013888,40.340763888
501,http://www.wikidata.org/entity/Q685813,Point(16.4333 48.2458),1995-01-01T00:00:00Z,http://www.wikidata.org/entity/Q40,,16.4333,48.2458
502,http://www.wikidata.org/entity/Q101998344,Point(-6.180436 38.483728),2013-08-18T00:00:00Z,http://www.wikidata.org/entity/Q29,,-6.180436,38.483728
503,http://www.wikidata.org/entity/Q24023690,Point(-3.75811 40.24442),2003-01-01T00:00:00Z,http://www.wikidata.org/entity/Q29,,-3.75811,40.24442
504,http://www.wikidata.org/entity/Q101998231,Point(-5.7201 38.996908),2010-10-07T00:00:00Z,http://www.wikidata.org/entity/Q29,,-5.7201,38.996908
505,http://www.wikidata.org/entity/Q24023861,Point(-3.67257 38.90451),2003-05-05T00:00:00Z,http://www.wikidata.org/entity/Q29,,-3.67257,38.90451
506,http://www.wikidata.org/entity/Q101998685,Point(-3.881086 40.496278),2011-01-01T00:00:00Z,http://www.wikidata.org/entity/Q29,,-3.881086,40.496278
507,http://www.wikidata.org/entity/Q101998693,Point(-3.967725 40.680742),2005-09-23T00:00:00Z,http://www.wikidata.org/entity/Q29,,-3.967725,40.680742
508,http://www.wikidata.org/entity/Q101998559,Point(-6.788869 40.187936),1996-01-01T00:00:00Z,http://www.wikidata.org/entity/Q29,,-6.788869,40.187936
509,http://www.wikidata.org/entity/Q101998684,Point(-3.913214 40.6215),2000-09-09T00:00:00Z,http://www.wikidata.org/entity/Q29,,-3.913214,40.6215
510,http://www.wikidata.org/entity/Q1904599,Point(9.81416667 63.76361111),2007-01-01T00:00:00Z,http://www.wikidata.org/entity/Q20,,9.81416667,63.76361111
511,http://www.wikidata.org/entity/Q101998396,Point(-7.007583 39.473139),1997-01-01T00:00:00Z,http://www.wikidata.org/entity/Q29,,-7.007583,39.473139
512,http://www.wikidata.org/entity/Q101997819,Point(-5.566139 41.531742),2006-01-01T00:00:00Z,http://www.wikidata.org/entity/Q29,,-5.566139,41.531742
513,http://www.wikidata.org/entity/Q101998392,Point(-5.831094 40.179417),1995-04-23T00:00:00Z,http://www.wikidata.org/entity/Q29,,-5.831094,40.179417
514,http://www.wikidata.org/entity/Q24023703,Point(-2.61166 36.7685),2002-07-19T00:00:00Z,http://www.wikidata.org/entity/Q29,,-2.61166,36.7685
515,http://www.wikidata.org/entity/Q101998549,Point(-6.126661 39.280358),2010-01-01T00:00:00Z,http://www.wikidata.org/entity/Q29,,-6.126661,39.280358
516,http://www.wikidata.org/entity/Q101998226,Point(-6.312381 38.297117),2015-03-30T00:00:00Z,http://www.wikidata.org/entity/Q29,,-6.312381,38.297117
517,http://www.wikidata.org/entity/Q101997193,Point(-2.989381 40.295839),2012-09-16T00:00:00Z,http://www.wikidata.org/entity/Q29,,-2.989381,40.295839
518,http://www.wikidata.org/entity/Q24024460,Point(-3.71194 40.3147),2004-05-29T00:00:00Z,http://www.wikidata.org/entity/Q29,,-3.71194,40.3147
519,http://www.wikidata.org/entity/Q24023723,Point(-5.45109 36.67566),2000-09-16T00:00:00Z,http://www.wikidata.org/entity/Q29,,-5.45109,36.67566
520,http://www.wikidata.org/entity/Q101998379,Point(-6.423856 39.550072),2009-09-05T00:00:00Z,http://www.wikidata.org/entity/Q29,,-6.423856,39.550072
521,http://www.wikidata.org/entity/Q1719185,Point(12.844444 50.224444),2009-01-01T00:00:00Z,http://www.wikidata.org/entity/Q213,,12.844444,50.224444
522,http://www.wikidata.org/entity/Q102036140,Point(-3.532638888 39.482916666),1998-01-01T00:00:00Z,http://www.wikidata.org/entity/Q29,,-3.532638888,39.482916666
523,http://www.wikidata.org/entity/Q101996050,Point(-4.091081 37.441181),2014-05-01T00:00:00Z,http://www.wikidata.org/entity/Q29,,-4.091081,37.441181
524,http://www.wikidata.org/entity/Q101998351,Point(-6.016817 38.232339),2014-09-28T00:00:00Z,http://www.wikidata.org/entity/Q29,,-6.016817,38.232339
525,http://www.wikidata.org/entity/Q101997356,Point(-3.878164 39.963406),2013-08-04T00:00:00Z,http://www.wikidata.org/entity/Q29,,-3.878164,39.963406
526,http://www.wikidata.org/entity/Q101996157,Point(-4.536844 37.276278),1995-09-01T00:00:00Z,http://www.wikidata.org/entity/Q29,,-4.536844,37.276278
527,http://www.wikidata.org/entity/Q101998863,Point(-3.473094 40.448897),1996-06-15T00:00:00Z,http://www.wikidata.org/entity/Q29,,-3.473094,40.448897
528,http://www.wikidata.org/entity/Q24023740,Point(-4.71151 41.05372),2009-07-04T00:00:00Z,http://www.wikidata.org/entity/Q29,,-4.71151,41.05372
529,http://www.wikidata.org/entity/Q101996773,Point(-2.532161 38.949467),2003-04-20T00:00:00Z,http://www.wikidata.org/entity/Q29,,-2.532161,38.949467
530,http://www.wikidata.org/entity/Q72827666,Point(-3.701388888 37.224166666),2005-07-22T00:00:00Z,http://www.wikidata.org/entity/Q29,,-3.701388888,37.224166666
531,http://www.wikidata.org/entity/Q24023724,Point(-5.77427 37.19182),2010-09-08T00:00:00Z,http://www.wikidata.org/entity/Q29,,-5.77427,37.19182
532,http://www.wikidata.org/entity/Q24023739,Point(-5.67892 42.01089),2006-01-01T00:00:00Z,http://www.wikidata.org/entity/Q29,,-5.67892,42.01089
533,http://www.wikidata.org/entity/Q10353466,Point(-7.185333333 38.874555555),2006-09-28T00:00:00Z,http://www.wikidata.org/entity/Q45,,-7.185333333,38.874555555
534,http://www.wikidata.org/entity/Q24023684,Point(-4.00634 40.28976),2006-01-01T00:00:00Z,http://www.wikidata.org/entity/Q29,,-4.00634,40.28976
535,http://www.wikidata.org/entity/Q101996663,Point(-0.379633 40.887039),2002-09-14T00:00:00Z,http://www.wikidata.org/entity/Q29,,-0.379633,40.887039
536,http://www.wikidata.org/entity/Q2739429,Point(5.72111 58.9394),2010-01-01T00:00:00Z,http://www.wikidata.org/entity/Q20,,5.72111,58.9394
537,http://www.wikidata.org/entity/Q101996716,Point(-1.111278 41.58505),2002-06-13T00:00:00Z,http://www.wikidata.org/entity/Q29,,-1.111278,41.58505
538,http://www.wikidata.org/entity/Q101997467,Point(-5.511817 40.824581),2004-10-12T00:00:00Z,http://www.wikidata.org/entity/Q29,,-5.511817,40.824581
539,http://www.wikidata.org/entity/Q101997000,Point(-3.596492 39.222375),2010-07-25T00:00:00Z,http://www.wikidata.org/entity/Q29,,-3.596492,39.222375
540,http://www.wikidata.org/entity/Q101998869,Point(-4.299281 40.274658),2002-01-01T00:00:00Z,http://www.wikidata.org/entity/Q29,,-4.299281,40.274658
541,http://www.wikidata.org/entity/Q101997468,Point(-5.420981 40.973689),1996-08-18T00:00:00Z,http://www.wikidata.org/entity/Q29,,-5.420981,40.973689
542,http://www.wikidata.org/entity/Q24023658,Point(-3.84673 40.13759),1997-01-01T00:00:00Z,http://www.wikidata.org/entity/Q29,,-3.84673,40.13759
543,http://www.wikidata.org/entity/Q24023681,Point(-5.463 37.12023),2001-03-10T00:00:00Z,http://www.wikidata.org/entity/Q29,,-5.463,37.12023
544,http://www.wikidata.org/entity/Q7203684,Point(-3.758633333 40.325955555),1997-07-31T00:00:00Z,http://www.wikidata.org/entity/Q29,,-3.758633333,40.325955555
545,http://www.wikidata.org/entity/Q24023685,Point(-5.5492 39.89162),2008-09-27T00:00:00Z,http://www.wikidata.org/entity/Q29,,-5.5492,39.89162
546,http://www.wikidata.org/entity/Q7089110,Point(128.705889 37.667333),2017-09-30T00:00:00Z,http://www.wikidata.org/entity/Q884,,128.705889,37.667333
547,http://www.wikidata.org/entity/Q101998220,Point(-6.225472 38.277833),1995-01-01T00:00:00Z,http://www.wikidata.org/entity/Q29,,-6.225472,38.277833
548,http://www.wikidata.org/entity/Q24023455,Point(-3.35755 40.49606),1999-09-01T00:00:00Z,http://www.wikidata.org/entity/Q29,,-3.35755,40.49606
549,http://www.wikidata.org/entity/Q24023701,Point(-4.10646 38.70013),2008-05-31T00:00:00Z,http://www.wikidata.org/entity/Q29,,-4.10646,38.70013
550,http://www.wikidata.org/entity/Q29000626,Point(-75.455916 8.9596),2016-06-03T00:00:00Z,http://www.wikidata.org/entity/Q739,,-75.455916,8.9596
551,http://www.wikidata.org/entity/Q66036711,Point(-96.572897222 17.010638888),2017-01-19T00:00:00Z,http://www.wikidata.org/entity/Q96,,-96.572897222,17.010638888
552,http://www.wikidata.org/entity/Q66036711,Point(-96.572897222 17.010638888),2017-01-19T00:00:00Z,http://www.wikidata.org/entity/Q34110,,-96.572897222,17.010638888
553,http://www.wikidata.org/entity/Q3324721,Point(-1.9687 43.2976),1998-08-11T00:00:00Z,http://www.wikidata.org/entity/Q29,,-1.9687,43.2976
554,http://www.wikidata.org/entity/Q20021946,Point(-70.79638889 19.44527778),2015-03-08T00:00:00Z,http://www.wikidata.org/entity/Q786,,-70.79638889,19.44527778
555,http://www.wikidata.org/entity/Q29655396,Point(13.321866 41.63426),2017-01-01T00:00:00Z,http://www.wikidata.org/entity/Q38,,13.321866,41.63426
557,http://www.wikidata.org/entity/Q5647734,Point(-5.48851 36.17898),2000-04-16T00:00:00Z,http://www.wikidata.org/entity/Q29,,-5.48851,36.17898
558,http://www.wikidata.org/entity/Q17310225,Point(16.2653 48.1981),2016-07-16T00:00:00Z,http://www.wikidata.org/entity/Q40,,16.2653,48.1981
559,http://www.wikidata.org/entity/Q5647734,Point(-5.48851 36.17898),2001-01-01T00:00:00Z,http://www.wikidata.org/entity/Q29,,-5.48851,36.17898
560,http://www.wikidata.org/entity/Q55886020,Point(-77.545434 39.070746),2019-08-09T00:00:00Z,http://www.wikidata.org/entity/Q30,,-77.545434,39.070746
561,http://www.wikidata.org/entity/Q6066367,Point(-2.664444 42.840833),2006-11-04T00:00:00Z,http://www.wikidata.org/entity/Q29,,-2.664444,42.840833
562,http://www.wikidata.org/entity/Q5704912,Point(-2.10725 42.221675),2010-03-20T00:00:00Z,http://www.wikidata.org/entity/Q29,,-2.10725,42.221675
563,http://www.wikidata.org/entity/Q47482045,Point(-84.243611111 9.995833333),2003-08-03T00:00:00Z,http://www.wikidata.org/entity/Q800,,-84.243611111,9.995833333
564,http://www.wikidata.org/entity/Q19611724,Point(30.0175 40.775),2018-09-01T00:00:00Z,http://www.wikidata.org/entity/Q43,,30.0175,40.775
565,http://www.wikidata.org/entity/Q16564746,Point(-56.067138888 -34.79675),2014-02-10T00:00:00Z,http://www.wikidata.org/entity/Q77,,-56.067138888,-34.79675
566,http://www.wikidata.org/entity/Q16714657,Point(135.538278 34.802526),2015-01-01T00:00:00Z,http://www.wikidata.org/entity/Q17,,135.538278,34.802526
